key,sres_1,sres_2,sres_3,sres_4,sres_5,sres_6,sres_7,sres_8,sres_9,sum
EXEC-107,0,0,0,0,0,0,0,0,0,0
EXEC-88,0,1,1,0,0,2,0,0,0,4
EXEC-84,0,0,0,0,0,0,0,0,0,0
EXEC-70,0,0,1,0,0,1,0,0,0,2
ACCUMULO-4852,0,0,1,0,0,0,0,0,0,1
ACCUMULO-4826,0,0,0,0,0,0,0,0,0,0
ACCUMULO-4808,0,0,0,0,0,1,0,1,0,2
ACCUMULO-4733,0,0,0,0,0,0,0,0,0,0
ACCUMULO-4729,0,0,0,0,0,0,0,2,0,2
ACCUMULO-4706,0,0,1,0,0,0,0,0,0,1
ACCUMULO-4655,0,0,0,0,0,0,1,3,0,4
ACCUMULO-4654,0,0,0,0,0,2,1,2,1,5
ACCUMULO-4628,0,0,0,0,0,0,0,0,0,0
ACCUMULO-4595,0,0,0,0,0,1,0,1,0,2
ACCUMULO-4544,0,0,0,0,0,0,0,0,0,0
ACCUMULO-4500,0,0,0,0,0,0,0,0,0,0
ACCUMULO-4493,0,0,0,0,0,0,0,2,0,2
ACCUMULO-4492,0,0,0,0,0,3,0,0,0,3
ACCUMULO-4487,0,0,1,0,0,0,0,1,0,2
ACCUMULO-4307,0,0,1,0,0,1,0,0,0,2
ACCUMULO-4061,0,0,0,0,0,1,0,0,0,1
ACCUMULO-3982,1,0,1,0,0,1,0,0,0,3
ACCUMULO-3970,0,0,0,0,0,1,0,1,0,2
ACCUMULO-3795,1,0,0,0,0,0,0,1,0,2
ACCUMULO-3733,0,0,0,0,0,0,0,0,1,0
ACCUMULO-3700,0,0,1,0,0,0,0,0,0,1
ACCUMULO-3678,0,0,1,0,0,1,0,0,0,2
ACCUMULO-3677,0,0,0,0,0,1,0,1,0,2
ACCUMULO-3676,0,0,0,0,0,0,0,0,0,0
ACCUMULO-3675,0,0,1,0,0,0,0,1,0,2
ACCUMULO-3674,0,0,1,0,0,1,0,0,0,2
ACCUMULO-3671,0,0,0,0,0,0,0,0,0,0
ACCUMULO-3648,0,0,1,0,0,0,0,0,0,1
ACCUMULO-3477,0,0,0,0,0,0,0,0,0,0
ACCUMULO-3369,0,0,1,0,0,0,0,0,0,1
ACCUMULO-3206,0,0,1,1,0,0,0,0,0,2
ACCUMULO-3196,0,0,0,1,0,0,0,0,0,1
ACCUMULO-3091,0,0,0,0,0,0,0,0,0,0
ACCUMULO-3083,0,0,0,0,0,1,0,1,0,2
ACCUMULO-2998,0,0,0,0,0,1,0,0,0,1
ACCUMULO-2883,0,0,0,0,0,0,0,1,1,1
ACCUMULO-2873,0,0,1,0,0,0,0,0,1,1
ACCUMULO-2841,0,0,1,1,0,0,0,1,0,3
ACCUMULO-2739,0,0,0,0,0,0,0,0,0,0
ACCUMULO-2589,0,0,0,0,0,0,0,0,0,0
ACCUMULO-2580,0,0,1,0,0,1,0,0,0,2
ACCUMULO-2553,0,0,0,0,0,0,0,2,0,2
ACCUMULO-2518,0,0,1,0,0,0,0,0,0,1
ACCUMULO-2439,0,0,0,0,1,0,0,0,0,1
ACCUMULO-2413,0,0,0,0,0,0,0,2,0,2
ACCUMULO-2375,0,0,0,0,0,0,0,1,0,1
ACCUMULO-2365,0,0,0,0,0,0,0,0,0,0
ACCUMULO-2362,0,0,0,0,0,1,0,0,0,1
ACCUMULO-2338,0,0,0,0,0,0,0,0,0,0
ACCUMULO-2214,0,0,0,0,0,0,0,0,0,0
ACCUMULO-2180,0,0,0,0,0,0,0,0,0,0
ACCUMULO-2159,0,0,0,0,0,0,0,3,0,3
ACCUMULO-2158,0,0,0,0,0,0,0,0,0,0
ACCUMULO-2157,0,0,0,0,0,1,0,0,0,1
ACCUMULO-1957,0,0,0,0,0,0,0,1,0,1
ACCUMULO-1817,0,0,0,0,0,0,0,0,0,0
ACCUMULO-1802,0,0,0,0,0,2,0,0,0,2
ACCUMULO-1753,0,0,0,0,0,1,0,0,0,1
ACCUMULO-1680,0,0,0,0,0,0,0,0,0,0
ACCUMULO-1639,0,1,2,0,0,0,0,1,3,4
ACCUMULO-1496,0,0,0,0,0,0,0,0,1,0
ACCUMULO-1495,0,0,0,0,0,1,1,1,0,3
ACCUMULO-1488,0,0,1,0,0,1,0,0,0,2
ACCUMULO-1427,0,0,0,0,0,0,0,0,0,0
ACCUMULO-1419,0,0,0,0,0,0,0,1,0,1
ACCUMULO-1399,0,0,0,0,0,0,0,0,0,0
ACCUMULO-1398,0,0,0,0,0,1,0,0,0,1
ACCUMULO-1386,0,0,1,0,0,1,0,1,1,3
ACCUMULO-1337,0,0,1,0,0,0,0,0,0,1
ACCUMULO-1336,0,0,0,0,0,0,0,0,0,0
ACCUMULO-1266,0,0,0,0,0,1,0,2,0,3
ACCUMULO-1256,0,0,0,0,0,0,0,1,0,1
ACCUMULO-1228,0,0,0,1,0,0,0,0,0,1
ACCUMULO-1200,0,0,0,0,0,0,0,0,0,0
ACCUMULO-1045,0,0,0,0,0,0,0,1,0,1
ACCUMULO-1030,0,0,0,0,0,2,0,0,0,2
ACCUMULO-1021,0,0,0,0,0,1,0,1,0,2
ACCUMULO-1017,0,0,0,0,0,0,0,0,0,0
ACCUMULO-1016,0,1,0,0,0,0,0,2,1,3
ACCUMULO-1015,0,0,0,0,0,0,0,0,0,0
ACCUMULO-1009,0,0,0,0,0,1,0,0,0,1
ACCUMULO-1000,0,1,0,1,0,0,0,0,0,2
ACCUMULO-999,0,0,0,0,0,0,0,0,0,0
ACCUMULO-990,0,0,0,0,0,0,0,0,0,0
ACCUMULO-967,0,0,1,0,0,0,0,0,0,1
ACCUMULO-894,0,0,0,1,0,0,0,1,0,2
ACCUMULO-875,0,0,1,0,0,1,0,0,0,2
ACCUMULO-820,0,0,1,0,0,0,0,0,0,1
ACCUMULO-809,0,0,0,0,0,0,0,0,0,0
ACCUMULO-802,0,0,0,0,0,0,0,0,0,0
ACCUMULO-792,0,0,0,0,0,0,0,0,0,0
ACCUMULO-791,0,0,0,0,0,0,0,0,0,0
ACCUMULO-780,0,0,0,0,0,0,0,2,0,2
ACCUMULO-739,0,0,1,0,0,0,0,0,0,1
ACCUMULO-735,0,0,0,0,0,1,0,0,0,1
ACCUMULO-732,0,0,0,0,0,0,0,0,0,0
ACCUMULO-712,0,1,0,0,0,0,0,1,1,2
ACCUMULO-706,0,0,0,0,0,0,0,0,0,0
ACCUMULO-705,0,0,0,0,0,0,0,0,0,0
ACCUMULO-671,0,0,0,0,0,1,0,0,0,1
ACCUMULO-638,0,0,1,0,0,1,0,0,0,2
ACCUMULO-626,0,0,1,0,0,0,0,0,0,1
ACCUMULO-617,0,0,0,0,0,0,0,1,0,1
ACCUMULO-594,0,0,0,0,0,0,0,0,0,0
ACCUMULO-582,0,0,1,0,0,1,0,0,0,2
ACCUMULO-571,0,0,0,0,0,1,0,0,0,1
ACCUMULO-569,0,0,0,0,0,0,0,0,0,0
ACCUMULO-549,0,0,0,0,0,1,0,0,1,1
ACCUMULO-532,0,0,1,0,0,0,0,1,0,2
ACCUMULO-508,0,0,0,0,0,0,0,0,0,0
ACCUMULO-492,0,0,0,0,0,1,0,0,0,1
ACCUMULO-490,0,0,0,0,0,0,0,0,0,0
ACCUMULO-483,0,0,1,0,0,0,0,0,0,1
ACCUMULO-482,0,0,1,0,0,0,0,0,0,1
ACCUMULO-456,0,0,0,2,0,2,0,0,0,4
ACCUMULO-454,0,0,1,0,0,0,0,0,0,1
ACCUMULO-452,0,0,0,0,0,0,0,0,0,0
ACCUMULO-448,0,0,0,0,0,3,0,0,0,3
ACCUMULO-431,0,0,1,0,0,0,0,0,0,1
ACCUMULO-420,0,0,0,0,0,1,0,0,0,1
ACCUMULO-418,0,0,0,0,0,0,0,0,0,0
ACCUMULO-404,0,0,0,0,0,0,0,0,0,0
ACCUMULO-403,0,0,1,0,0,0,0,1,0,2
ACCUMULO-394,0,0,0,0,0,1,0,0,0,1
ACCUMULO-391,0,0,1,0,0,0,0,0,0,1
ACCUMULO-387,0,0,0,0,0,0,0,0,0,0
ACCUMULO-378,0,0,1,0,0,1,0,0,0,2
ACCUMULO-359,0,0,0,0,0,1,0,0,0,1
ACCUMULO-347,0,1,0,0,0,0,0,5,0,6
ACCUMULO-312,0,0,0,0,0,0,0,0,0,0
ACCUMULO-261,0,0,0,0,0,0,0,2,0,2
ACCUMULO-254,0,1,0,0,0,0,0,3,0,4
ACCUMULO-238,0,0,0,0,0,0,0,0,0,0
ACCUMULO-220,0,0,0,0,0,1,0,0,1,1
ACCUMULO-196,0,0,0,1,0,0,0,0,0,1
ACCUMULO-132,0,0,0,0,0,2,1,1,0,4
ACCUMULO-49,1,0,0,0,0,0,0,1,0,2
ACCUMULO-47,0,0,0,0,0,0,0,0,0,0
ACCUMULO-19,0,0,0,0,0,1,0,0,0,1
AMBARI-25208,0,0,0,0,0,1,0,0,0,1
AMBARI-25193,0,0,1,0,0,0,0,0,0,1
AMBARI-25053,0,0,1,0,0,1,0,0,0,2
AMBARI-24769,0,0,0,0,0,1,0,1,0,2
AMBARI-24748,0,0,0,0,0,0,0,0,0,0
AMBARI-24710,0,0,0,0,0,1,0,0,0,1
AMBARI-24469,0,0,1,0,0,0,0,0,0,1
AMBARI-24468,0,0,1,1,0,0,0,0,0,2
AMBARI-24387,0,0,2,0,0,0,0,0,0,2
AMBARI-24376,0,0,1,0,0,0,0,0,0,1
AMBARI-24373,0,0,1,0,0,0,0,0,0,1
AMBARI-24370,0,0,0,0,0,1,0,0,0,1
AMBARI-24306,0,0,2,0,0,0,0,2,0,4
AMBARI-24305,0,0,0,0,0,0,0,1,0,1
AMBARI-24301,0,0,1,0,0,1,0,0,0,2
AMBARI-24294,0,0,1,0,0,0,0,0,0,1
AMBARI-24196,0,0,1,0,0,0,0,1,0,2
AMBARI-24014,0,0,2,0,0,0,0,3,0,5
AMBARI-23993,0,0,1,1,0,1,0,3,0,6
AMBARI-23962,1,0,0,0,0,1,0,1,0,3
AMBARI-23858,0,0,1,0,0,1,0,0,0,2
AMBARI-23619,0,0,1,0,0,0,0,0,0,1
AMBARI-23589,0,0,0,1,0,0,0,0,0,1
AMBARI-15000,0,0,1,0,0,0,0,1,0,2
AMBARI-14999,0,0,0,0,0,0,0,0,0,0
AMBARI-14985,0,0,0,0,0,0,0,0,0,0
AMBARI-14947,1,0,0,0,0,1,0,3,0,5
AMBARI-14910,0,0,0,0,0,0,0,3,0,3
AMBARI-14909,0,0,1,0,0,0,0,1,0,2
AMBARI-14893,0,0,1,0,0,0,0,0,0,1
AMBARI-14855,0,0,1,0,0,0,0,0,0,1
AMBARI-14820,0,0,1,0,0,1,0,0,0,2
AMBARI-14749,0,0,1,0,0,0,0,0,0,1
AMBARI-14691,0,0,0,0,0,1,0,0,0,1
AMBARI-14682,0,0,0,0,0,1,0,0,0,1
AMBARI-14622,0,0,0,0,1,1,0,2,0,4
AMBARI-14613,0,0,1,0,0,0,0,0,0,1
AMBARI-14533,1,0,0,0,0,0,0,4,1,5
AMBARI-14528,0,0,1,0,0,0,0,4,0,5
AMBARI-14413,0,0,0,0,0,0,0,1,0,1
AMBARI-14412,0,0,0,0,0,0,0,1,0,1
AMBARI-14353,0,0,1,0,0,0,0,2,0,3
AMBARI-14351,0,0,0,1,0,1,0,1,0,3
AMBARI-14339,0,0,1,0,0,1,0,0,0,2
AMBARI-14329,0,0,0,0,0,0,0,0,0,0
AMBARI-14313,0,0,0,0,0,0,0,1,0,1
AMBARI-14284,0,0,0,0,0,0,0,1,0,1
AMBARI-14225,0,0,1,0,0,0,0,3,0,4
AMBARI-14208,0,0,1,0,0,0,0,3,0,4
AMBARI-14165,0,0,1,0,0,0,0,4,0,5
AMBARI-14143,0,0,1,0,0,0,0,4,0,5
AMBARI-14053,0,0,0,0,0,0,0,3,0,3
AMBARI-14029,0,0,0,0,0,0,0,0,0,0
AMBARI-13911,0,0,1,0,1,0,0,0,0,2
AMBARI-13910,0,0,1,0,0,0,0,0,0,1
AMBARI-13748,1,0,0,0,0,2,0,0,0,3
AMBARI-13738,0,0,0,0,0,1,0,0,0,1
AMBARI-13733,0,0,0,0,0,2,0,1,0,3
AMBARI-13680,0,0,0,0,0,0,0,1,0,1
AMBARI-13606,0,0,0,0,0,0,0,0,0,0
AMBARI-13604,0,0,1,0,0,0,0,0,0,1
AMBARI-13510,0,0,1,0,0,0,0,0,0,1
AMBARI-13421,0,0,0,0,0,0,0,0,0,0
AMBARI-13367,0,2,0,0,0,0,0,2,0,4
AMBARI-13366,0,0,1,0,0,0,0,0,0,1
AMBARI-13365,0,0,0,0,0,0,0,0,0,0
AMBARI-13349,0,0,0,1,0,0,0,2,0,3
AMBARI-13348,0,0,0,0,0,1,0,0,0,1
AMBARI-13288,0,0,1,0,0,0,0,0,0,1
AMBARI-13220,0,1,1,0,0,1,0,0,0,3
AMBARI-13139,0,0,1,0,0,0,0,0,0,1
AMBARI-13094,0,0,1,0,0,0,0,0,0,1
AMBARI-12886,0,0,0,0,0,0,0,0,0,0
AMBARI-12885,0,0,0,1,0,0,0,1,0,2
AMBARI-12767,0,0,0,0,0,0,0,0,0,0
AMBARI-12761,0,0,1,0,0,0,0,0,0,1
AMBARI-12724,0,0,0,0,0,0,0,1,0,1
AMBARI-12650,1,0,0,0,0,0,0,1,0,2
AMBARI-12615,0,0,0,0,0,0,0,0,0,0
AMBARI-12558,0,0,1,0,0,0,0,1,0,2
AMBARI-12439,0,0,0,0,0,0,0,1,0,1
AMBARI-12115,0,0,1,0,0,0,0,0,0,1
AMBARI-12001,0,0,1,0,0,0,0,0,0,1
AMBARI-11860,0,0,0,0,0,0,0,1,3,1
AMBARI-11098,0,1,1,0,0,0,0,2,0,4
AMBARI-11097,0,0,1,0,0,0,0,1,0,2
AMBARI-11067,0,0,0,0,0,0,0,0,0,0
AMBARI-10848,0,0,0,0,0,0,0,0,0,0
AMBARI-10760,0,0,1,0,0,1,0,0,0,2
AMBARI-10737,0,0,1,0,0,0,0,0,0,1
AMBARI-10719,0,0,0,0,0,0,0,0,0,0
AMBARI-10709,0,0,0,0,0,1,0,0,0,1
AMBARI-10670,0,0,0,0,0,0,0,0,0,0
AMBARI-10497,0,0,0,0,0,1,0,0,0,1
AMBARI-10401,0,0,0,0,0,0,0,0,0,0
AMBARI-10318,0,0,0,0,0,0,0,0,0,0
AMBARI-10141,0,0,2,0,0,1,0,0,1,3
AMBARI-10140,0,0,2,0,0,1,0,0,0,3
AMBARI-10029,0,0,1,0,0,0,0,0,0,1
AMBARI-9946,0,0,0,0,0,1,0,3,0,4
AMBARI-9945,0,0,0,0,0,2,0,0,0,2
AMBARI-9633,0,0,2,0,0,3,0,2,0,7
AMBARI-9455,0,0,1,0,0,1,0,0,0,2
AMBARI-9438,0,0,1,0,0,0,0,0,0,1
AMBARI-9393,1,0,1,0,0,1,0,0,0,3
AMBARI-9363,0,0,0,0,1,0,0,3,0,4
AMBARI-9208,0,0,1,0,0,0,0,0,0,1
AMBARI-9156,0,0,0,0,0,0,0,0,0,0
AMBARI-9145,0,0,0,0,0,1,0,0,0,1
AMBARI-9083,0,0,0,0,0,1,0,0,0,1
AMBARI-8788,0,0,1,0,0,1,0,0,0,2
AMBARI-8678,0,0,0,0,0,0,0,0,0,0
AMBARI-8457,0,0,1,0,0,0,0,0,0,1
AMBARI-8454,0,0,1,0,0,1,0,0,0,2
AMBARI-8441,0,0,0,0,0,0,0,1,0,1
AMBARI-8426,0,0,1,0,0,0,0,1,0,2
AMBARI-8425,0,0,1,0,0,1,0,0,0,2
AMBARI-8397,0,0,1,0,0,0,0,1,0,2
AMBARI-8394,0,0,1,0,0,0,0,0,0,1
AMBARI-8386,0,0,0,0,0,0,0,0,0,0
AMBARI-8358,0,0,1,0,0,0,0,1,0,2
AMBARI-8357,0,0,1,0,0,1,0,0,0,2
AMBARI-8356,0,0,1,0,0,0,0,1,0,2
AMBARI-8343,0,0,0,0,0,0,0,2,0,2
AMBARI-8336,0,0,0,0,0,0,0,0,0,0
AMBARI-8304,0,0,1,0,0,0,0,0,0,1
AMBARI-8277,0,0,0,1,0,0,0,0,0,1
AMBARI-8247,0,0,0,0,0,0,0,0,0,0
AMBARI-8245,0,0,1,0,0,0,0,0,0,1
AMBARI-8166,0,0,0,0,0,1,0,1,0,2
AMBARI-8163,0,0,1,0,0,0,0,0,0,1
AMBARI-7985,0,0,1,0,0,0,0,0,0,1
AMBARI-7940,0,0,0,0,0,0,0,0,0,0
AMBARI-7811,0,0,0,1,0,0,0,0,0,1
AMBARI-7809,0,0,1,0,0,0,0,2,0,3
AMBARI-7767,0,0,0,0,0,0,0,0,0,0
AMBARI-7656,0,0,1,0,0,0,0,0,0,1
AMBARI-7450,0,0,0,0,0,1,0,0,0,1
AMBARI-7449,0,0,0,0,0,1,0,0,0,1
AMBARI-7448,0,0,1,0,0,0,0,0,0,1
AMBARI-7202,0,0,0,0,0,0,0,1,0,1
AMBARI-7166,0,0,0,0,0,1,0,0,0,1
AMBARI-7072,0,0,0,0,0,0,0,1,0,1
AMBARI-6977,0,0,0,0,0,1,0,0,0,1
AMBARI-6819,0,0,1,0,0,0,0,1,0,2
AMBARI-6818,0,0,1,0,0,1,0,0,0,2
AMBARI-6817,0,0,1,0,0,0,0,0,0,1
AMBARI-6815,0,0,0,0,0,0,0,1,0,1
AMBARI-6762,1,0,0,0,0,0,0,0,0,1
AMBARI-6706,0,0,1,0,0,1,0,0,0,2
AMBARI-6619,0,0,0,0,0,0,0,0,0,0
AMBARI-6618,0,0,0,0,0,0,0,0,0,0
AMBARI-6416,0,0,0,1,0,1,0,0,0,2
AMBARI-6086,0,0,0,0,0,0,0,0,0,0
AMBARI-6058,0,0,0,0,0,1,0,0,0,1
AMBARI-5699,0,0,0,0,0,1,1,2,0,4
AMBARI-5660,0,0,0,0,0,0,0,0,0,0
AMBARI-5553,0,0,0,0,0,0,0,0,0,0
AMBARI-5550,0,0,0,0,0,0,0,0,0,0
AMBARI-5482,0,0,1,0,0,0,0,0,0,1
AMBARI-5462,0,0,0,0,0,0,0,1,0,1
AMBARI-23249,0,0,1,0,0,0,0,0,0,1
AMBARI-23168,0,0,0,0,0,1,0,0,0,1
AMBARI-23154,0,0,2,0,0,1,0,0,0,3
AMBARI-22708,0,0,1,0,0,0,0,0,0,1
AMBARI-4786,0,0,0,0,0,1,0,0,0,1
AMBARI-4688,0,0,0,0,0,0,0,0,0,0
AMBARI-4671,0,0,0,0,0,1,0,0,0,1
AMBARI-4670,0,0,0,0,0,0,0,0,0,0
AMBARI-4657,0,0,0,0,0,0,0,0,0,0
AMBARI-4467,0,0,0,0,0,0,0,0,0,0
AMBARI-4465,0,0,1,0,0,0,0,0,0,1
AMBARI-4366,0,0,1,0,0,0,0,0,0,1
AMBARI-4229,0,0,1,0,0,0,0,0,0,1
AMBARI-4205,0,0,2,1,0,0,0,1,0,4
AMBARI-4204,0,0,2,0,0,0,0,1,0,3
AMBARI-4032,0,0,0,0,0,2,0,1,0,3
AMBARI-4016,0,0,1,0,0,0,0,0,0,1
AMBARI-3883,0,0,1,0,0,0,0,1,0,2
AMBARI-3774,0,0,1,0,0,0,0,1,0,2
AMBARI-3767,0,0,1,0,0,1,0,0,0,2
AMBARI-3765,0,0,1,0,0,0,0,1,0,2
AMBARI-3753,0,0,0,0,0,0,0,0,0,0
AMBARI-3531,0,0,0,0,0,0,0,1,0,1
AMBARI-3500,0,0,1,0,0,0,0,0,0,1
AMBARI-3492,0,0,1,0,0,0,0,0,0,1
AMBARI-3472,0,0,1,1,0,0,0,0,0,2
AMBARI-3447,0,0,1,0,0,0,0,0,0,1
AMBARI-3429,0,0,1,0,0,0,0,0,0,1
AMBARI-3399,0,0,1,0,0,0,0,0,0,1
AMBARI-3390,0,0,1,0,0,0,0,0,0,1
AMBARI-3388,0,0,1,0,0,0,0,0,0,1
AMBARI-3387,0,0,1,0,0,0,0,0,0,1
AMBARI-3319,0,0,1,0,0,0,0,0,0,1
AMBARI-3264,0,0,1,0,0,0,0,0,0,1
AMBARI-3253,0,0,0,0,0,0,0,0,0,0
AMBARI-3167,0,0,0,0,0,0,0,0,0,0
AMBARI-3113,0,0,2,0,0,0,0,1,0,3
AMBARI-3054,0,0,0,0,0,0,0,0,0,0
AMBARI-2963,0,0,0,0,0,1,0,0,0,1
AMBARI-2956,0,0,0,0,0,0,0,0,0,0
AMBARI-2853,0,0,1,0,0,0,0,3,0,4
AMBARI-2852,0,0,0,0,0,2,0,0,0,2
AMBARI-2849,1,0,1,0,0,0,0,1,0,3
AMBARI-2846,0,0,1,0,0,0,0,0,0,1
AMBARI-2845,1,0,1,0,0,1,0,1,0,4
AMBARI-2833,1,0,1,0,0,0,0,1,0,3
AMBARI-2831,0,0,0,0,0,0,0,0,0,0
AMBARI-2821,0,0,2,0,0,0,0,0,0,2
AMBARI-2818,0,0,2,0,0,0,0,0,0,2
AMBARI-2815,0,0,1,0,0,0,0,0,0,1
AMBARI-2798,0,0,0,0,0,0,0,3,0,3
AMBARI-2797,1,0,2,0,0,0,0,1,0,4
AMBARI-2793,0,0,1,0,0,0,0,0,0,1
AMBARI-2791,0,0,1,0,0,0,0,0,0,1
AMBARI-2790,0,0,2,0,0,0,0,0,0,2
AMBARI-2775,0,0,0,0,0,0,0,0,0,0
AMBARI-2772,0,0,1,0,0,0,0,0,0,1
AMBARI-2770,0,0,1,0,0,0,0,0,0,1
AMBARI-2756,0,0,2,0,0,0,0,0,0,2
AMBARI-2410,0,0,0,0,0,0,0,0,0,0
AMBARI-2332,0,0,0,1,0,0,0,0,0,1
AMBARI-2304,0,0,1,0,0,0,0,0,0,1
AMBARI-2250,0,0,0,0,0,0,0,0,0,0
AMBARI-2214,0,0,0,0,1,0,0,0,0,1
AMBARI-2168,0,0,0,1,0,2,0,0,0,3
AMBARI-2167,0,0,0,0,0,2,0,1,1,3
AMBARI-2123,0,0,0,0,0,0,0,0,0,0
AMBARI-2115,0,0,1,0,0,0,0,0,0,1
AMBARI-1922,0,0,0,0,1,0,0,1,1,2
AMBARI-1908,0,0,0,0,0,0,0,0,0,0
AMBARI-1829,0,0,0,0,0,2,0,1,0,3
AMBARI-1817,0,0,1,0,0,1,0,0,1,2
AMBARI-1800,0,0,1,0,0,0,0,0,0,1
AMBARI-1793,0,0,0,0,0,0,0,0,0,0
AMBARI-1781,0,0,1,0,0,0,0,5,0,6
AMBARI-1777,0,0,0,0,0,0,0,0,0,0
AMBARI-1769,0,0,1,0,0,0,0,0,0,1
AMBARI-1756,0,0,0,1,0,0,0,0,0,1
AMBARI-1742,0,0,0,0,0,0,0,1,0,1
AMBARI-1723,0,0,1,0,0,0,0,1,0,2
AMBARI-1717,0,0,0,1,0,0,0,1,0,2
AMBARI-1716,0,0,0,0,0,0,0,0,0,0
AMBARI-1710,0,0,1,0,0,0,0,1,0,2
AMBARI-1699,0,0,0,0,0,0,0,0,0,0
AMBARI-1698,0,0,1,0,0,0,0,0,1,1
AMBARI-1696,0,0,1,0,0,0,0,0,0,1
AMBARI-1694,0,0,0,0,0,0,0,0,0,0
AMBARI-1693,0,0,1,0,0,0,0,0,0,1
AMBARI-1691,0,0,1,0,0,0,0,0,0,1
AMBARI-1668,0,0,1,0,0,0,0,0,0,1
AMBARI-1663,0,0,0,0,0,2,0,0,0,2
AMBARI-1653,0,0,1,0,0,0,0,0,0,1
AMBARI-1650,0,0,1,1,0,0,0,1,0,3
AMBARI-1639,0,0,0,0,0,0,0,0,0,0
AMBARI-1618,0,0,0,0,0,0,0,0,0,0
AMBARI-1611,0,0,0,1,0,0,0,1,0,2
AMBARI-1558,0,0,0,0,0,1,0,0,0,1
AMBARI-1538,0,0,1,0,0,0,0,0,0,1
AMBARI-1509,0,0,1,0,0,1,0,0,0,2
AMBARI-1481,0,0,1,1,0,0,0,1,0,3
AMBARI-1469,0,0,0,0,0,0,0,0,0,0
AMBARI-1468,0,0,1,1,0,0,0,0,0,2
AMBARI-1459,0,0,1,0,0,0,0,0,0,1
AMBARI-1422,0,0,0,0,0,0,0,0,0,0
AMBARI-1377,1,0,0,0,0,0,0,1,0,2
AMBARI-1349,0,0,0,0,0,0,0,0,0,0
AMBARI-1294,0,1,0,0,0,0,0,0,0,1
AMBARI-1280,0,0,0,0,0,0,0,0,0,0
AMBARI-1194,0,0,0,0,0,0,0,0,0,0
AMBARI-1180,0,0,1,0,0,0,0,0,0,1
AMBARI-1147,0,0,0,0,0,1,0,2,0,3
AMBARI-1018,0,0,0,0,0,1,0,0,0,1
AMBARI-971,0,0,0,0,0,1,0,0,0,1
AMBARI-649,0,0,1,0,0,0,0,0,0,1
AMBARI-631,0,0,1,0,0,0,0,0,0,1
AMBARI-623,0,0,1,0,0,0,0,0,0,1
AMBARI-621,0,1,2,0,0,0,0,2,0,5
AMBARI-616,0,0,0,0,0,0,0,0,0,0
AMBARI-605,0,0,1,0,0,1,0,1,0,3
AMBARI-545,0,0,0,0,0,0,0,0,0,0
AMBARI-231,0,0,1,0,0,0,0,0,0,1
AMBARI-174,0,0,1,0,0,1,0,0,0,2
AMBARI-171,0,0,0,0,0,1,0,2,0,3
AMBARI-119,0,0,0,0,0,0,0,0,0,0
AMBARI-107,0,0,0,0,0,0,0,0,0,0
AMBARI-99,0,0,0,1,0,0,0,0,0,1
AMBARI-84,0,0,1,0,0,0,0,0,0,1
AMBARI-69,0,0,1,0,0,0,0,0,0,1
AMBARI-66,0,0,1,0,0,1,0,0,0,2
AMBARI-65,0,0,0,0,0,0,0,1,0,1
AMBARI-39,0,0,1,0,0,1,0,0,0,2
AMBARI-18,0,0,0,0,0,0,0,0,0,0
AMBARI-15,0,0,0,0,0,0,0,0,0,0
AMBARI-11,0,0,0,0,0,0,0,0,0,0
AMBARI-6,0,0,0,1,0,1,0,0,0,2
AMBARI-5,0,0,1,0,0,0,0,1,0,2
AMBARI-4,0,0,0,0,0,0,0,0,0,0
AMBARI-2,0,0,2,0,0,1,0,0,0,3
AMBARI-22182,0,0,0,0,0,1,0,0,0,1
AMBARI-21805,0,0,0,0,0,0,0,0,0,0
AMBARI-21731,0,0,0,0,0,0,0,0,0,0
AMBARI-21716,0,0,0,0,1,1,0,0,0,2
AMBARI-21599,0,0,2,0,0,0,0,0,0,2
AMBARI-21597,0,0,1,0,0,0,0,0,0,1
AMBARI-21536,0,0,1,0,0,0,0,0,0,1
AMBARI-21513,0,0,0,0,0,1,0,1,0,2
AMBARI-21508,0,0,0,0,0,0,0,1,0,1
AMBARI-21506,0,0,1,0,0,0,0,1,0,2
AMBARI-21503,0,0,1,0,0,0,0,0,0,1
AMBARI-21485,0,0,1,0,0,0,0,0,0,1
AMBARI-21433,0,0,1,0,0,1,0,0,0,2
AMBARI-21307,1,0,0,0,0,1,0,0,0,2
AMBARI-21186,0,0,1,0,0,0,0,1,0,2
AMBARI-21178,0,0,1,0,0,0,0,1,0,2
AMBARI-21143,0,0,0,0,0,0,0,0,0,0
AMBARI-20993,0,0,0,0,0,0,0,0,0,0
AMBARI-20984,1,0,0,0,0,0,0,0,0,1
AMBARI-20944,0,0,1,0,0,0,0,0,0,1
AMBARI-20927,0,0,0,0,0,0,0,1,0,1
AMBARI-20891,0,0,0,0,0,0,0,0,0,0
AMBARI-20848,0,0,0,0,0,1,0,1,0,2
AMBARI-20767,0,0,0,0,0,0,0,0,0,0
AMBARI-20454,0,0,0,0,0,0,0,4,0,4
AMBARI-19928,0,0,1,0,0,0,0,0,0,1
AMBARI-19925,0,0,0,0,0,0,0,1,0,1
AMBARI-19413,0,0,0,0,0,0,0,0,0,0
AMBARI-19248,0,0,0,0,0,0,0,0,0,0
AMBARI-19241,0,0,1,0,0,0,0,2,0,3
AMBARI-19187,0,0,0,0,0,0,0,0,0,0
AMBARI-19066,0,1,1,0,0,2,0,1,0,5
AMBARI-19044,0,0,2,0,0,0,0,0,0,2
AMBARI-19019,0,0,1,0,0,0,0,0,0,1
AMBARI-19018,0,0,0,0,0,1,0,2,1,3
AMBARI-19007,0,0,0,0,0,0,0,0,0,0
AMBARI-18987,0,0,0,0,0,0,0,2,0,2
AMBARI-18852,0,0,0,0,0,0,0,0,0,0
AMBARI-18818,0,0,0,0,0,0,0,0,0,0
AMBARI-18587,0,0,1,0,0,1,0,0,0,2
AMBARI-18297,0,0,0,0,0,0,0,0,0,0
AMBARI-18281,0,0,0,0,0,0,0,0,0,0
AMBARI-18141,0,0,1,1,0,0,0,0,0,2
AMBARI-18102,0,0,0,0,0,1,0,0,0,1
AMBARI-18065,0,0,1,0,0,0,0,0,0,1
AMBARI-18051,0,0,0,0,0,1,0,2,1,3
AMBARI-18050,0,0,0,0,0,0,0,1,0,1
AMBARI-18049,0,0,0,0,0,0,0,2,0,2
AMBARI-17995,0,0,1,0,0,1,0,0,0,2
AMBARI-17994,0,0,0,0,0,0,0,0,0,0
AMBARI-17985,0,0,0,0,0,0,0,0,0,0
AMBARI-17984,0,0,0,0,0,0,0,0,0,0
AMBARI-17752,0,0,1,0,0,0,0,0,0,1
AMBARI-17708,0,0,1,0,0,0,0,0,0,1
AMBARI-17706,0,0,1,0,0,1,0,0,0,2
AMBARI-17352,0,0,1,0,0,0,0,0,0,1
AMBARI-17241,0,0,0,0,0,1,0,2,0,3
AMBARI-17092,0,0,1,0,0,0,0,0,0,1
AMBARI-17041,0,0,1,0,0,0,0,1,0,2
AMBARI-17024,0,0,0,0,0,0,0,0,0,0
AMBARI-17023,0,0,1,0,0,0,1,2,0,4
AMBARI-16937,0,0,0,0,0,1,0,1,0,2
AMBARI-16884,0,0,0,0,0,0,0,2,0,2
AMBARI-16882,2,0,0,0,0,0,0,2,0,4
AMBARI-16880,0,0,1,0,0,1,0,1,0,3
AMBARI-16879,0,0,0,0,0,1,0,1,0,2
AMBARI-16878,0,0,1,0,0,0,0,1,0,2
AMBARI-16877,0,0,0,0,0,1,0,0,0,1
AMBARI-16864,0,0,1,0,0,0,0,0,0,1
AMBARI-16753,0,0,1,0,0,0,0,0,0,1
AMBARI-16745,0,0,0,0,0,0,0,0,0,0
AMBARI-16153,0,0,1,0,0,0,0,0,0,1
AMBARI-16074,0,0,0,0,0,0,0,0,0,0
AMBARI-15933,0,0,1,0,0,0,0,0,0,1
AMBARI-15875,0,1,1,0,0,0,0,3,0,5
AMBARI-15752,0,0,0,0,0,0,0,0,0,0
AMBARI-15612,0,0,0,0,0,0,0,0,0,0
AMBARI-15554,0,0,1,0,0,1,0,0,0,2
AMBARI-15265,0,0,0,0,0,0,0,0,0,0
AMBARI-15241,0,0,0,0,0,1,0,0,0,1
AMBARI-15133,0,0,0,0,0,0,0,0,0,0
AMBARI-15105,0,0,1,0,0,0,0,0,0,1
ATLAS-3324,0,0,0,0,0,0,0,0,0,0
ATLAS-3290,0,0,0,1,0,0,0,2,0,3
ATLAS-3284,0,0,0,0,0,1,0,0,0,1
ATLAS-3257,0,0,0,0,0,1,0,0,0,1
ATLAS-3236,0,0,1,0,0,0,0,1,0,2
ATLAS-3230,0,0,1,0,0,0,0,0,0,1
ATLAS-3226,0,0,0,1,0,1,0,0,0,2
ATLAS-3214,0,0,0,0,0,0,0,0,0,0
ATLAS-3207,0,0,0,0,0,0,0,1,0,1
ATLAS-3197,0,0,0,0,0,0,0,0,0,0
ATLAS-3185,0,0,1,0,0,2,0,0,0,3
ATLAS-3184,0,1,0,0,0,1,0,1,0,3
ATLAS-3183,0,0,1,0,0,1,0,0,0,2
ATLAS-3148,0,0,1,0,0,0,0,0,0,1
ATLAS-3133,0,0,0,0,0,1,0,0,0,1
ATLAS-3110,0,0,0,0,0,0,0,0,0,0
ATLAS-3081,0,0,1,0,0,0,0,0,0,1
ATLAS-3071,0,0,1,0,0,0,0,1,0,2
ATLAS-3057,0,0,2,0,0,0,0,0,0,2
ATLAS-3047,0,0,0,0,0,0,0,0,0,0
ATLAS-2973,0,0,1,0,0,0,0,0,0,1
ATLAS-2972,0,0,0,0,0,0,0,1,0,1
ATLAS-2915,0,0,1,0,0,0,0,0,0,1
ATLAS-2896,0,0,1,0,0,0,0,0,0,1
ATLAS-2889,0,0,1,0,0,0,0,0,0,1
ATLAS-2881,0,0,1,0,0,1,0,0,0,2
ATLAS-2822,1,0,0,0,0,2,0,1,0,4
ATLAS-2790,0,0,1,0,0,0,0,0,0,1
ATLAS-2789,0,0,0,0,0,1,0,0,0,1
ATLAS-2774,0,0,0,0,0,1,0,0,0,1
ATLAS-2724,0,0,0,0,0,1,0,0,0,1
ATLAS-2718,0,0,1,0,0,0,0,0,0,1
ATLAS-2709,0,0,0,0,0,0,0,0,0,0
ATLAS-2708,0,0,1,0,0,0,0,0,0,1
ATLAS-2694,0,0,0,1,0,1,0,0,0,2
ATLAS-2563,0,0,1,0,0,0,0,0,0,1
ATLAS-2534,0,0,1,0,0,0,0,0,0,1
ATLAS-2488,0,0,0,0,0,0,0,2,0,2
ATLAS-2469,0,0,0,0,0,1,0,0,0,1
ATLAS-2457,0,0,1,0,0,0,0,0,0,1
ATLAS-2298,0,0,1,0,0,0,0,0,0,1
ATLAS-2135,0,0,2,0,0,1,0,0,0,3
ATLAS-2123,0,0,0,0,0,0,0,0,0,0
ATLAS-2122,0,0,0,0,0,0,0,0,0,0
ATLAS-2116,0,0,0,0,0,1,0,0,0,1
ATLAS-2095,0,0,0,0,0,0,0,0,0,0
ATLAS-2094,0,0,0,0,0,0,0,1,0,1
ATLAS-2093,0,0,0,0,0,0,0,0,0,0
ATLAS-2059,0,0,1,0,0,0,0,0,0,1
ATLAS-2013,0,0,0,0,0,0,0,0,0,0
ATLAS-2012,0,0,0,0,0,0,0,0,0,0
ATLAS-1962,0,0,1,0,0,0,0,1,0,2
ATLAS-1959,0,0,0,0,0,0,0,0,0,0
ATLAS-1955,0,0,0,0,0,1,0,0,0,1
ATLAS-1907,0,0,0,0,0,1,0,1,1,2
ATLAS-1892,0,0,0,0,0,0,0,0,0,0
ATLAS-1869,0,0,0,0,0,0,0,0,0,0
ATLAS-1856,0,0,1,0,0,2,0,0,0,3
ATLAS-1849,0,0,0,0,0,0,0,2,0,2
ATLAS-1847,0,0,0,0,0,0,0,0,0,0
ATLAS-1846,0,0,0,1,0,0,0,0,0,1
ATLAS-1845,0,0,1,0,0,0,0,0,0,1
ATLAS-1838,0,0,0,0,0,0,0,0,0,0
ATLAS-1831,0,0,1,0,0,0,0,0,0,1
ATLAS-1829,0,0,1,0,0,0,0,0,0,1
ATLAS-1828,0,0,1,0,0,0,0,0,0,1
ATLAS-1807,0,0,0,0,0,0,0,0,0,0
ATLAS-1775,0,0,1,0,0,0,0,0,0,1
ATLAS-1774,0,0,1,0,0,0,0,0,0,1
ATLAS-1773,0,0,0,0,0,0,0,0,0,0
ATLAS-1772,0,0,0,0,0,0,0,0,0,0
ATLAS-1768,0,0,0,0,0,0,0,1,0,1
ATLAS-1765,0,0,1,1,0,0,0,0,0,2
ATLAS-1764,0,0,0,0,0,0,0,0,0,0
ATLAS-1754,0,0,1,0,0,0,0,0,0,1
ATLAS-1748,0,0,1,0,0,0,0,0,0,1
ATLAS-1712,0,0,0,0,0,0,0,0,0,0
ATLAS-1711,0,0,1,0,0,0,0,0,0,1
ATLAS-1696,0,0,1,0,0,0,0,0,0,1
ATLAS-1695,0,0,1,1,0,0,0,0,0,2
ATLAS-1694,0,0,1,0,0,0,0,0,0,1
ATLAS-1662,0,0,1,0,0,1,0,0,0,2
ATLAS-1503,0,0,1,0,0,1,0,1,0,3
ATLAS-1390,0,0,2,0,0,1,0,0,0,3
ATLAS-1389,0,0,1,0,0,0,0,0,0,1
ATLAS-1385,0,0,0,0,0,0,0,1,0,1
ATLAS-1300,0,0,0,0,0,0,0,0,0,0
ATLAS-1277,0,0,1,0,0,0,0,0,0,1
ATLAS-1254,0,0,0,0,0,0,0,0,0,0
ATLAS-1252,0,0,0,0,1,1,0,5,0,7
ATLAS-1244,0,0,0,0,0,0,0,0,0,0
ATLAS-1242,0,0,0,0,0,0,0,0,0,0
ATLAS-1234,0,0,1,0,0,1,0,0,0,2
ATLAS-1213,0,0,0,0,0,0,0,0,0,0
ATLAS-1211,0,0,0,0,0,2,0,0,0,2
ATLAS-1202,0,0,1,0,0,0,0,0,0,1
ATLAS-1186,0,0,0,0,0,0,0,0,0,0
ATLAS-1174,0,0,0,0,0,0,0,0,0,0
ATLAS-1158,0,0,0,0,0,0,0,0,0,0
ATLAS-1109,0,0,1,1,0,0,0,0,0,2
ATLAS-1101,0,1,1,0,0,0,0,1,0,3
ATLAS-1095,0,0,0,0,0,0,0,0,0,0
ATLAS-1061,0,0,0,0,0,0,0,0,0,0
ATLAS-1055,0,0,0,0,0,0,0,1,0,1
ATLAS-1054,0,0,0,0,0,0,0,0,0,0
ATLAS-872,0,0,1,0,0,0,0,0,0,1
ATLAS-856,0,0,1,0,0,0,0,0,0,1
ATLAS-835,0,0,0,0,0,0,0,0,0,0
ATLAS-737,0,0,0,0,0,1,0,0,0,1
ATLAS-638,0,0,0,1,0,0,0,0,0,1
ATLAS-599,0,0,1,0,0,0,0,0,0,1
ATLAS-569,0,0,1,0,0,0,0,0,0,1
ATLAS-561,0,0,1,0,0,1,0,1,0,3
ATLAS-541,0,0,0,0,0,0,0,0,0,0
ATLAS-510,0,0,0,0,0,0,0,0,0,0
ATLAS-502,0,0,0,0,0,0,0,0,0,0
ATLAS-501,0,0,0,0,0,0,0,0,1,0
ATLAS-498,0,0,1,0,0,0,0,0,0,1
ATLAS-497,0,0,0,0,0,0,0,1,0,1
ATLAS-495,0,0,0,0,0,0,0,0,0,0
ATLAS-494,0,0,0,0,0,0,0,0,0,0
ATLAS-493,0,0,1,0,0,0,1,1,0,3
ATLAS-492,0,0,1,0,0,0,0,0,0,1
ATLAS-491,0,0,1,0,0,0,0,0,0,1
ATLAS-248,0,0,0,0,0,0,0,0,0,0
ATLAS-247,0,0,1,0,0,0,0,0,0,1
ATLAS-172,0,0,0,0,0,0,0,0,0,0
ATLAS-164,0,0,0,0,0,0,0,0,0,0
ATLAS-156,0,0,0,0,0,0,0,0,0,0
ATLAS-151,0,0,0,0,0,0,0,0,0,0
ATLAS-150,0,0,1,0,0,0,0,0,0,1
ATLAS-149,0,0,1,0,0,0,0,0,0,1
ATLAS-138,0,0,1,0,0,0,0,1,0,2
ATLAS-127,0,0,0,0,0,0,0,0,0,0
ATLAS-123,0,0,0,0,0,0,0,0,0,0
ATLAS-122,0,0,0,0,0,1,0,0,0,1
ATLAS-112,0,0,0,0,0,0,0,0,0,0
ATLAS-111,0,0,0,0,0,0,0,0,0,0
ATLAS-108,0,0,1,0,0,0,0,1,0,2
ATLAS-107,0,0,0,0,0,0,0,0,0,0
ATLAS-77,0,0,0,0,0,0,0,1,0,1
ATLAS-76,0,0,1,0,0,1,0,0,0,2
ATLAS-75,0,0,1,0,0,1,0,0,0,2
ATLAS-73,0,0,0,0,0,0,0,0,0,0
ATLAS-69,0,0,0,1,0,0,0,0,0,1
ATLAS-55,0,0,1,0,0,0,0,0,0,1
ATLAS-47,0,0,0,0,0,0,0,0,0,0
ATLAS-28,0,0,1,0,0,0,0,0,0,1
ATLAS-5,0,0,2,0,0,0,0,0,0,2
BATIK-1104,0,0,0,0,0,2,0,1,0,3
BATIK-1093,0,0,1,0,0,1,0,0,0,2
BATIK-1092,0,0,1,0,0,1,0,0,0,2
BATIK-1066,0,0,1,0,0,0,0,0,0,1
BATIK-1044,0,0,0,0,1,0,0,0,0,1
BCEL-322,0,0,0,0,0,0,0,0,0,0
BCEL-318,0,0,0,0,0,0,0,0,0,0
BCEL-305,0,1,0,0,1,0,0,0,0,2
BCEL-301,0,0,1,0,0,0,0,0,0,1
BCEL-300,0,0,1,0,0,0,0,0,0,1
BCEL-292,0,0,0,0,0,0,0,0,0,0
BCEL-224,0,0,0,0,1,0,0,0,0,1
BCEL-223,0,0,0,0,1,0,0,0,0,1
BEAM-7746,0,0,0,0,0,0,0,0,0,0
BEAM-7741,0,0,0,0,0,0,0,0,0,0
BEAM-7740,0,0,0,0,0,0,0,0,0,0
BEAM-7739,0,0,0,0,0,0,0,0,0,0
BEAM-7738,0,0,0,0,0,0,0,1,0,1
BEAM-7730,0,0,0,0,0,0,0,0,0,0
BEAM-7728,0,0,0,0,0,0,0,0,0,0
BEAM-7718,0,0,1,0,0,0,0,0,0,1
BEAM-7711,0,0,0,0,0,0,0,1,0,1
BEAM-7692,0,0,0,0,0,0,0,1,1,1
BEAM-7685,0,0,0,0,0,1,0,0,0,1
BEAM-7626,0,0,0,0,0,0,0,2,0,2
BEAM-7577,0,0,0,0,0,0,0,0,0,0
BEAM-7576,0,0,1,0,0,0,0,0,0,1
BEAM-7555,0,0,0,0,0,0,0,0,0,0
BEAM-7545,0,0,1,0,0,0,0,0,0,1
BEAM-7538,0,0,0,0,0,0,0,2,1,2
BEAM-7513,0,0,0,0,0,0,0,0,0,0
BEAM-7495,0,0,0,0,0,1,0,0,0,1
BEAM-7492,0,0,0,0,0,0,0,0,0,0
BEAM-7488,0,0,1,0,0,0,0,0,0,1
BEAM-7484,0,0,1,0,0,1,0,0,0,2
BEAM-7462,0,0,1,0,0,0,0,0,0,1
BEAM-7452,0,0,0,0,0,0,0,2,0,2
BEAM-7450,0,0,0,0,0,0,0,0,0,0
BEAM-7445,0,0,0,0,0,0,0,0,0,0
BEAM-7443,0,0,0,0,0,0,0,0,0,0
BEAM-7425,0,0,1,0,0,0,0,1,0,2
BEAM-7395,0,0,0,0,0,1,0,0,0,1
BEAM-7383,0,0,1,0,0,1,0,0,0,2
BEAM-7373,0,0,1,0,0,0,0,0,0,1
BEAM-7364,0,0,0,0,0,0,0,0,0,0
BEAM-7358,0,0,0,0,0,1,0,0,0,1
BEAM-7355,0,0,0,0,0,1,0,0,0,1
BEAM-7342,0,0,0,0,0,0,0,0,0,0
BEAM-7306,0,0,0,0,0,0,0,0,0,0
BEAM-7305,0,0,1,0,0,0,0,0,0,1
BEAM-7304,0,0,0,0,0,0,0,0,0,0
BEAM-7280,0,0,0,0,0,0,0,0,0,0
BEAM-7259,0,0,1,0,0,0,0,0,0,1
BEAM-7249,0,0,0,0,0,0,0,0,0,0
BEAM-7236,0,0,0,0,0,1,0,0,0,1
BEAM-7233,0,0,1,0,0,0,0,0,0,1
BEAM-7222,0,0,0,0,0,0,0,0,0,0
BEAM-7221,0,0,0,0,0,0,0,0,0,0
BEAM-7219,0,0,0,0,0,0,0,0,0,0
BEAM-7214,0,0,0,0,0,0,0,0,0,0
BEAM-7212,0,0,1,0,0,0,0,0,0,1
BEAM-7191,0,0,0,0,0,1,0,0,0,1
BEAM-7165,0,0,0,0,0,0,0,0,0,0
BEAM-7164,0,0,1,0,0,0,0,0,0,1
BEAM-7159,0,0,0,0,0,0,0,0,0,0
BEAM-7157,0,0,0,0,0,1,0,0,0,1
BEAM-7146,0,0,0,0,0,0,0,1,0,1
BEAM-7145,0,0,0,0,0,0,0,0,0,0
BEAM-7142,0,0,1,0,0,1,0,0,0,2
BEAM-7108,0,0,0,0,0,1,0,0,0,1
BEAM-7093,0,0,0,0,0,0,0,0,0,0
BEAM-7072,0,0,1,0,0,0,0,0,0,1
BEAM-7058,0,0,0,0,0,0,0,0,0,0
BEAM-7055,0,0,0,0,0,0,0,0,0,0
BEAM-7050,0,0,0,0,0,0,0,2,0,2
BEAM-7048,0,0,1,0,0,0,0,0,0,1
BEAM-7045,0,0,3,0,0,1,0,0,0,4
BEAM-7044,0,0,1,0,0,0,0,0,0,1
BEAM-7043,0,0,0,0,0,0,0,0,0,0
BEAM-7029,0,0,0,0,0,0,0,1,0,1
BEAM-7026,0,0,0,0,1,0,0,1,1,2
BEAM-7025,0,0,0,0,2,0,0,3,1,5
BEAM-7023,0,0,0,0,0,0,0,0,0,0
BEAM-7021,0,0,0,0,0,0,0,0,0,0
BEAM-7019,0,0,0,0,0,0,0,0,0,0
BEAM-7018,0,0,0,0,0,0,0,0,0,0
BEAM-7013,0,0,0,0,0,1,0,0,0,1
BEAM-7012,0,0,0,0,0,0,0,0,0,0
BEAM-7006,0,0,0,0,0,0,0,0,0,0
BEAM-6965,0,0,0,0,0,0,0,0,0,0
BEAM-6956,0,0,0,0,0,0,0,0,0,0
BEAM-6921,0,0,1,0,0,0,0,0,0,1
BEAM-6916,0,0,1,0,0,0,0,0,0,1
BEAM-6891,0,0,0,0,0,0,0,0,0,0
BEAM-6887,0,0,1,0,0,0,0,0,0,1
BEAM-6880,0,0,1,0,0,0,0,0,0,1
BEAM-6872,0,0,0,0,0,0,0,0,0,0
BEAM-6868,0,0,0,0,0,0,0,0,0,0
BEAM-6841,0,0,1,0,0,0,0,0,0,1
BEAM-6834,0,0,1,0,0,0,0,0,0,1
BEAM-6833,0,0,0,0,0,0,0,2,0,2
BEAM-6832,0,0,0,1,0,0,0,1,1,2
BEAM-6826,0,0,0,0,0,0,0,3,0,3
BEAM-6825,0,0,1,0,0,1,0,0,0,2
BEAM-6824,0,0,1,0,0,0,0,0,0,1
BEAM-6807,0,0,1,0,0,0,0,0,0,1
BEAM-6788,0,0,0,0,0,0,0,0,0,0
BEAM-6782,0,0,0,0,0,0,0,0,0,0
BEAM-6778,0,0,1,0,0,0,0,0,0,1
BEAM-6761,0,0,0,0,0,0,0,0,0,0
BEAM-6758,0,0,0,0,0,1,0,0,0,1
BEAM-6734,0,0,0,0,0,0,0,0,0,0
BEAM-6730,0,0,0,0,0,0,0,1,0,1
BEAM-6729,0,0,1,0,0,0,0,0,0,1
BEAM-6728,0,0,0,1,0,0,0,0,0,1
BEAM-6727,0,0,0,0,0,0,0,0,0,0
BEAM-6717,0,0,0,0,0,0,0,0,0,0
BEAM-6716,0,0,0,0,0,0,0,0,0,0
BEAM-6710,0,0,0,0,0,0,0,0,0,0
BEAM-6697,0,0,1,0,0,1,0,0,0,2
BEAM-6696,0,0,0,0,0,0,0,0,0,0
BEAM-6695,0,0,0,0,0,0,0,0,0,0
BEAM-6694,0,0,0,0,0,0,0,0,0,0
BEAM-6693,0,0,0,0,0,0,0,0,0,0
BEAM-6677,0,0,1,0,0,0,0,0,0,1
BEAM-6671,0,0,0,0,0,0,0,0,0,0
BEAM-6655,0,0,0,0,0,0,0,0,0,0
BEAM-6654,0,0,0,0,0,0,0,0,0,0
BEAM-6653,0,0,0,0,0,0,0,0,0,0
BEAM-6651,0,0,0,0,0,1,0,0,0,1
BEAM-6636,0,0,0,0,0,0,0,0,0,0
BEAM-6629,1,0,1,0,0,0,0,0,0,2
BEAM-6626,0,0,0,0,0,0,0,2,0,2
BEAM-6622,0,0,0,0,0,0,0,0,0,0
BEAM-6612,0,0,0,0,0,0,0,0,0,0
BEAM-6610,1,1,0,0,0,0,0,2,1,4
BEAM-6597,0,0,2,0,0,0,0,1,0,3
BEAM-6594,0,0,0,0,0,1,0,0,0,1
BEAM-6588,0,0,0,0,0,1,0,0,0,1
BEAM-6587,0,0,0,0,0,0,0,1,0,1
BEAM-6586,0,0,1,0,0,0,0,0,0,1
BEAM-6551,0,0,1,0,0,0,0,0,0,1
BEAM-6549,0,1,0,0,0,0,0,0,0,1
BEAM-6546,0,0,0,0,1,0,0,0,0,1
BEAM-6543,0,0,0,0,0,0,0,0,0,0
BEAM-6538,0,0,0,0,0,0,0,0,0,0
BEAM-6523,0,0,0,0,0,1,0,0,0,1
BEAM-6509,0,0,0,0,0,0,0,0,0,0
BEAM-6505,0,0,1,0,0,0,0,0,1,1
BEAM-6504,0,0,0,0,0,1,0,0,0,1
BEAM-6500,0,0,1,0,0,1,0,0,0,2
BEAM-6495,0,0,0,0,0,0,0,0,0,0
BEAM-6490,0,0,0,0,0,0,0,0,0,0
BEAM-6488,0,0,1,0,0,1,0,0,0,2
BEAM-6486,0,0,1,0,0,0,0,0,0,1
BEAM-6485,0,0,1,0,0,1,0,0,0,2
BEAM-6480,0,0,0,0,0,0,0,0,0,0
BEAM-6467,0,1,0,0,0,1,0,1,0,3
BEAM-6464,0,0,0,0,0,0,0,2,0,2
BEAM-6462,0,0,0,0,0,0,0,0,0,0
BEAM-6456,0,0,1,0,0,0,0,0,0,1
BEAM-6455,0,0,1,0,0,2,0,0,0,3
BEAM-6439,0,0,1,0,0,0,0,0,0,1
BEAM-6435,0,0,0,0,0,1,0,0,0,1
BEAM-6431,0,0,1,0,0,0,0,0,0,1
BEAM-6422,0,0,0,0,0,1,0,1,0,2
BEAM-6406,0,0,1,0,0,0,0,0,0,1
BEAM-6404,0,0,1,0,0,0,0,0,0,1
BEAM-6402,0,0,1,0,0,1,0,0,0,2
BEAM-6394,0,0,0,0,0,1,0,0,0,1
BEAM-6392,0,0,0,0,0,1,0,0,0,1
BEAM-6390,0,0,0,0,0,0,0,0,0,0
BEAM-6379,0,0,1,0,0,0,0,0,0,1
BEAM-6365,0,0,1,0,0,1,0,0,0,2
BEAM-6327,0,0,0,0,0,0,0,1,0,1
BEAM-6304,0,0,0,0,0,0,0,1,0,1
BEAM-6296,0,0,1,0,0,0,0,0,0,1
BEAM-6294,0,0,0,0,0,0,0,0,0,0
BEAM-6269,0,0,0,0,0,0,0,0,0,0
BEAM-6265,0,0,0,0,0,0,0,0,1,0
BEAM-6261,0,0,0,0,1,0,0,0,0,1
BEAM-6260,0,0,0,0,0,0,0,0,0,0
BEAM-6255,0,0,0,0,0,0,0,0,0,0
BEAM-6239,0,0,0,0,0,1,0,0,0,1
BEAM-6228,0,0,0,0,0,0,0,0,0,0
BEAM-6226,0,0,0,0,0,2,0,3,0,5
BEAM-6191,0,0,0,0,0,0,0,0,0,0
BEAM-6163,0,0,1,0,0,0,0,0,0,1
BEAM-6161,0,0,0,0,0,0,0,0,0,0
BEAM-6148,0,0,0,0,0,0,0,1,0,1
BEAM-6138,0,0,1,0,0,0,0,0,0,1
BEAM-6133,0,0,0,0,0,0,0,0,0,0
BEAM-6128,0,0,0,0,0,1,0,0,0,1
BEAM-6119,0,0,0,0,0,0,0,1,0,1
BEAM-6112,0,0,0,0,1,0,0,2,0,3
BEAM-6109,0,0,1,0,0,0,0,0,0,1
BEAM-6097,0,0,0,0,0,0,0,0,0,0
BEAM-6095,0,0,0,0,0,0,0,0,0,0
BEAM-6081,0,0,1,0,0,0,0,0,0,1
BEAM-6071,0,0,0,0,0,0,0,0,0,0
BEAM-6017,0,0,0,0,0,0,0,0,0,0
BEAM-6000,0,0,0,0,0,0,0,0,0,0
BEAM-5980,0,0,1,0,0,0,0,0,0,1
BEAM-5972,0,1,0,0,0,1,0,0,0,2
BEAM-5964,0,0,0,0,0,0,0,0,0,0
BEAM-5947,0,0,0,0,0,0,0,1,0,1
BEAM-5852,0,0,0,0,0,0,0,0,0,0
BEAM-5851,0,0,0,0,0,0,0,0,0,0
BEAM-5850,0,0,0,0,0,0,0,0,0,0
BEAM-5819,0,0,0,0,0,0,0,1,1,1
BEAM-5817,0,0,0,0,0,1,0,0,0,1
BEAM-5806,0,0,0,0,0,1,0,0,0,1
BEAM-5798,0,0,0,0,0,0,0,0,0,0
BEAM-5757,0,0,0,0,0,0,0,0,0,0
BEAM-5654,0,0,0,0,0,0,0,0,0,0
BEAM-5644,0,0,0,0,0,0,0,0,0,0
BEAM-5635,0,0,0,0,0,0,0,0,0,0
BEAM-5605,0,0,0,0,0,0,0,0,0,0
BEAM-5604,0,0,0,0,0,0,0,2,0,2
BEAM-5602,0,0,0,0,0,1,0,2,0,3
BEAM-5601,0,0,0,0,0,0,0,3,0,3
BEAM-5600,0,0,0,0,0,1,0,3,0,4
BEAM-5599,0,0,0,0,0,0,0,1,0,1
BEAM-5596,0,0,0,0,0,0,0,0,0,0
BEAM-5504,0,0,0,0,0,0,0,0,0,0
BEAM-5492,0,0,3,0,0,1,0,2,0,6
BEAM-5441,0,0,0,0,0,0,0,0,0,0
BEAM-5440,0,0,1,0,0,0,0,0,0,1
BEAM-5431,0,0,0,0,0,0,0,0,0,0
BEAM-5419,0,0,0,0,0,0,0,0,0,0
BEAM-5363,0,0,0,2,0,0,0,2,0,4
BEAM-5362,0,0,0,0,0,0,0,0,0,0
BEAM-5361,0,0,0,0,0,0,0,0,0,0
BEAM-5360,0,0,0,0,0,0,0,0,0,0
BEAM-5359,0,0,0,0,0,0,0,0,0,0
BEAM-5358,0,0,0,0,0,0,0,0,0,0
BEAM-5325,0,0,0,0,0,0,0,0,0,0
BEAM-5312,0,0,1,0,0,1,0,0,0,2
BEAM-5288,0,0,1,0,0,1,0,0,0,2
BEAM-5239,0,0,0,0,0,0,0,0,0,0
BEAM-5207,0,0,2,0,0,0,0,0,0,2
BEAM-5187,0,0,0,0,0,0,0,0,0,0
BEAM-5167,0,0,1,0,0,0,0,0,0,1
BEAM-5166,0,0,0,0,0,0,0,0,0,0
BEAM-5148,0,0,1,0,0,0,0,0,0,1
BEAM-5114,0,0,0,0,0,0,0,0,0,0
BEAM-5093,0,0,1,0,0,0,0,1,0,2
BEAM-5075,0,0,1,0,0,0,0,0,0,1
BEAM-5051,0,0,0,0,0,0,0,0,0,0
BEAM-4828,0,0,0,0,0,0,0,0,0,0
BEAM-4823,0,0,1,0,0,0,0,1,0,2
BEAM-4822,0,0,0,0,0,0,0,2,0,2
BEAM-4807,0,0,0,0,0,0,0,0,0,0
BEAM-4797,0,0,0,0,0,0,0,0,0,0
BEAM-4792,0,0,0,0,0,0,0,1,0,1
BEAM-4774,0,0,1,0,0,0,0,0,0,1
BEAM-4746,0,0,0,0,0,1,0,1,0,2
BEAM-4721,0,0,0,0,0,0,0,0,0,0
BEAM-4720,0,0,0,1,0,1,0,1,1,3
BEAM-4719,0,0,0,0,0,0,0,0,0,0
BEAM-4714,0,0,0,2,0,0,0,1,0,3
BEAM-4713,0,0,0,0,0,0,0,0,0,0
BEAM-4703,0,0,0,0,0,0,0,2,0,2
BEAM-4702,1,0,0,0,0,0,0,4,0,5
BEAM-4701,0,0,1,0,0,0,0,1,0,2
BEAM-4698,0,0,0,0,1,0,0,0,0,1
BEAM-4695,0,0,1,0,0,0,0,0,0,1
BEAM-4689,0,0,0,0,0,0,0,0,0,0
BEAM-4688,0,0,0,0,0,0,0,2,0,2
BEAM-4687,0,0,0,0,0,0,0,0,0,0
BEAM-4684,0,0,0,0,0,0,0,0,0,0
BEAM-4677,0,0,0,0,0,0,0,0,0,0
BEAM-4676,0,0,0,0,0,0,0,0,0,0
BEAM-4652,0,0,0,0,0,0,0,0,0,0
BEAM-4651,0,0,1,0,0,0,0,0,0,1
BEAM-4650,0,0,1,0,0,1,0,0,0,2
BEAM-4641,0,0,1,0,0,0,0,0,0,1
BEAM-4640,0,0,1,0,0,0,0,0,0,1
BEAM-4626,0,0,1,0,0,0,0,0,0,1
BEAM-4615,0,0,1,0,0,0,0,0,0,1
BEAM-4601,0,0,0,0,0,0,0,0,0,0
BEAM-4594,0,0,1,1,0,0,0,0,0,2
BEAM-4575,0,0,0,0,0,0,0,2,0,2
BEAM-4566,0,0,0,0,0,0,0,3,1,3
BEAM-4550,0,0,0,0,0,0,0,0,0,0
BEAM-4546,0,0,0,0,0,0,0,0,0,0
BEAM-4532,0,0,0,0,0,0,0,0,0,0
BEAM-4497,0,0,1,0,0,0,0,0,0,1
BEAM-4471,0,0,0,0,0,0,0,0,0,0
BEAM-4465,0,0,0,0,0,0,0,0,0,0
BEAM-4464,0,0,1,0,0,0,0,0,0,1
BEAM-4462,0,0,0,0,0,0,0,1,1,1
BEAM-4444,0,0,0,0,0,0,0,0,0,0
BEAM-4431,0,0,1,0,0,0,0,0,1,1
BEAM-4415,0,0,1,0,0,0,0,0,0,1
BEAM-4410,0,0,0,0,0,0,0,0,0,0
BEAM-4403,0,0,0,0,0,0,0,0,1,0
BEAM-4402,0,0,0,0,0,0,0,0,0,0
BEAM-4394,0,0,0,0,0,1,0,0,0,1
BEAM-4391,0,0,0,0,0,1,0,0,0,1
BEAM-4389,0,0,0,0,0,0,0,0,0,0
BEAM-4388,0,0,0,0,0,0,0,1,0,1
BEAM-4385,0,0,0,0,0,0,0,0,0,0
BEAM-4381,0,0,0,0,0,0,0,0,0,0
BEAM-4374,0,0,0,0,0,0,0,0,0,0
BEAM-4333,0,0,0,0,0,1,0,0,0,1
BEAM-4302,0,0,0,0,0,0,0,0,0,0
BEAM-4272,0,0,1,0,0,1,1,1,0,4
BEAM-4270,0,0,0,0,0,0,0,0,0,0
BEAM-4269,0,0,2,0,0,0,0,0,0,2
BEAM-4265,0,0,1,0,0,1,0,0,0,2
BEAM-4259,0,0,0,0,0,0,1,2,0,3
BEAM-4258,0,0,1,0,0,0,0,0,0,1
BEAM-4248,0,0,0,0,0,0,0,0,0,0
BEAM-4247,0,0,0,0,0,1,0,0,0,1
BEAM-4244,0,1,0,0,0,3,0,1,0,5
BEAM-4241,0,0,0,0,0,0,0,0,0,0
BEAM-4240,0,0,0,0,0,0,0,0,0,0
BEAM-4239,0,0,0,0,0,0,0,1,0,1
BEAM-4238,0,0,0,0,0,0,0,0,0,0
BEAM-4237,0,0,0,0,0,0,0,0,0,0
BEAM-4228,0,0,0,0,0,0,0,1,0,1
BEAM-4217,0,0,0,0,0,1,0,0,0,1
BEAM-4216,0,0,0,0,0,0,0,1,0,1
BEAM-4212,0,0,0,0,0,0,0,0,0,0
BEAM-4211,0,0,0,0,0,0,0,0,0,0
BEAM-4210,0,0,1,0,0,0,0,1,1,2
BEAM-4209,0,0,1,0,0,0,0,1,1,2
BEAM-4208,0,0,0,0,0,1,0,0,0,1
BEAM-4207,0,0,0,0,0,1,0,0,0,1
BEAM-4206,0,0,0,0,0,0,0,1,0,1
BEAM-4205,0,0,0,0,0,0,0,1,0,1
BEAM-4204,0,0,0,0,0,0,0,0,0,0
BEAM-4203,0,0,0,0,0,0,0,1,0,1
BEAM-4202,0,0,0,0,0,0,0,0,0,0
BEAM-4195,0,0,1,0,0,0,0,0,0,1
BEAM-4194,0,0,1,0,0,0,0,0,0,1
BEAM-4193,0,0,1,0,0,0,0,0,0,1
BEAM-4190,0,0,0,0,0,0,0,1,0,1
BEAM-4186,0,0,0,0,0,0,0,0,0,0
BEAM-4183,0,0,0,0,0,0,0,0,0,0
BEAM-4174,0,0,0,0,0,0,0,0,0,0
BEAM-4173,0,0,0,0,0,0,0,0,0,0
BEAM-4168,0,0,0,0,0,0,0,0,0,0
BEAM-4167,0,0,0,0,0,0,0,0,0,0
BEAM-4162,0,0,0,0,0,0,0,0,0,0
BEAM-4160,0,0,0,0,0,0,0,0,0,0
BEAM-4147,0,0,0,0,0,0,0,1,0,1
BEAM-4145,0,0,1,0,0,0,0,0,0,1
BEAM-4135,0,0,1,0,0,0,0,0,0,1
BEAM-4131,0,0,1,0,0,0,0,0,0,1
BEAM-4130,0,0,1,0,0,0,0,0,0,1
BEAM-4128,0,0,0,0,0,0,0,0,0,0
BEAM-4127,0,0,0,0,0,0,0,0,0,0
BEAM-4125,0,0,0,0,0,0,0,0,0,0
BEAM-4123,0,0,1,0,0,0,0,2,0,3
BEAM-4093,0,0,1,0,0,1,0,0,0,2
BEAM-4092,0,0,1,0,0,1,0,0,0,2
BEAM-4089,0,0,0,0,0,1,0,0,0,1
BEAM-4071,0,0,0,0,0,0,0,0,0,0
BEAM-4068,0,0,0,1,0,0,0,1,0,2
BEAM-4067,0,0,0,0,0,0,0,0,0,0
BEAM-4063,0,0,0,0,0,1,0,1,0,2
BEAM-4056,0,0,0,0,0,0,0,0,0,0
BEAM-4053,0,0,0,0,0,0,0,2,0,2
BEAM-4044,0,0,0,0,0,0,0,0,0,0
BEAM-4038,0,0,1,0,0,0,0,0,0,1
BEAM-4020,0,0,0,0,0,0,0,0,0,0
BEAM-4018,0,0,0,0,0,0,0,0,0,0
BEAM-3983,0,0,0,0,0,0,0,0,0,0
BEAM-3923,0,0,0,0,0,0,0,1,0,1
BEAM-3921,0,0,1,0,0,0,0,0,0,1
BEAM-3916,0,0,0,0,0,0,0,2,0,2
BEAM-3910,0,0,1,0,0,1,0,0,0,2
BEAM-3900,0,0,1,0,0,0,0,0,0,1
BEAM-3867,0,0,0,2,0,1,0,0,0,3
BEAM-3857,0,0,0,0,0,0,0,0,0,0
BEAM-3852,0,0,1,0,0,1,0,0,0,2
BEAM-3850,0,0,0,0,0,0,0,1,1,1
BEAM-3818,0,0,0,0,0,1,0,0,0,1
BEAM-3788,0,0,0,0,0,0,0,0,0,0
BEAM-3784,0,0,1,0,0,0,0,0,0,1
BEAM-3783,0,0,1,0,0,0,0,1,1,2
BEAM-3767,0,0,0,0,0,0,0,1,0,1
BEAM-3737,0,0,0,0,0,0,0,0,0,0
BEAM-3686,0,0,0,0,0,2,0,0,0,2
BEAM-3682,0,0,0,0,0,1,0,0,0,1
BEAM-3678,0,0,1,0,0,0,0,0,0,1
BEAM-3671,0,0,0,0,0,0,0,0,0,0
BEAM-3648,0,0,1,0,0,0,0,0,0,1
BEAM-3647,0,0,0,0,0,0,0,2,0,2
BEAM-3615,0,0,1,0,0,0,0,2,0,3
BEAM-3609,0,0,1,0,0,0,0,0,0,1
BEAM-3548,0,0,1,0,0,0,0,0,0,1
BEAM-3509,0,0,0,0,0,0,0,0,0,0
BEAM-3503,0,0,0,0,0,0,0,0,0,0
BEAM-3489,0,0,0,0,0,0,0,0,0,0
BEAM-3475,0,0,0,0,0,1,0,1,0,2
BEAM-3453,0,0,1,0,0,0,0,0,0,1
BEAM-3446,0,0,0,0,0,1,0,0,0,1
BEAM-3415,0,0,0,0,0,0,0,0,0,0
BEAM-3346,0,0,0,0,0,1,0,0,0,1
BEAM-3333,0,0,1,0,0,0,0,0,0,1
BEAM-3331,0,0,1,0,0,0,0,0,0,1
BEAM-3330,0,0,1,0,0,0,0,0,0,1
BEAM-3329,0,0,2,0,0,1,0,0,0,3
BEAM-3328,0,0,2,0,0,0,0,0,0,2
BEAM-3327,0,0,1,0,0,0,0,0,0,1
BEAM-3326,0,0,0,0,0,0,0,0,0,0
BEAM-3323,0,0,0,0,0,2,0,1,0,3
BEAM-3313,0,0,1,0,0,0,0,0,0,1
BEAM-3310,0,0,0,0,0,0,0,0,0,0
BEAM-3236,0,0,0,0,0,0,0,0,0,0
BEAM-3201,1,0,0,1,0,0,0,2,0,4
BEAM-3194,0,0,0,0,0,1,0,1,1,2
BEAM-3192,0,0,0,0,0,0,0,0,0,0
BEAM-3178,0,0,0,0,0,1,0,0,1,1
BEAM-3171,0,0,0,0,0,0,0,0,0,0
BEAM-3163,0,0,1,1,0,0,0,2,1,4
BEAM-3147,0,0,0,0,0,0,0,0,0,0
BEAM-3115,0,0,2,0,0,0,0,0,0,2
BEAM-3100,0,0,2,1,0,2,0,0,0,5
BEAM-3099,0,0,1,0,0,0,0,0,0,1
BEAM-3084,0,0,0,0,0,0,0,0,0,0
BEAM-3073,0,0,1,0,0,0,0,0,0,1
BEAM-3062,0,0,1,0,0,0,0,0,0,1
BEAM-3035,0,0,0,0,0,0,0,0,0,0
BEAM-3032,0,0,0,0,0,0,0,0,0,0
BEAM-3009,0,0,1,0,0,0,0,0,0,1
BEAM-3008,0,0,0,0,0,0,0,2,0,2
BEAM-2990,0,0,1,0,0,0,0,0,0,1
BEAM-2986,0,0,0,0,0,0,0,0,0,0
BEAM-2955,0,0,1,0,0,0,0,0,0,1
BEAM-2952,0,0,0,0,0,0,0,0,0,0
BEAM-2950,0,0,0,0,0,0,0,0,0,0
BEAM-2897,0,0,1,0,0,1,0,1,0,3
BEAM-2871,0,0,0,0,0,1,0,0,0,1
BEAM-2865,0,0,0,0,0,0,0,0,0,0
BEAM-2857,0,0,0,0,0,0,0,0,0,0
BEAM-2846,0,0,0,0,0,0,0,0,0,0
BEAM-2845,0,0,0,0,0,0,0,0,0,0
BEAM-2835,0,0,0,0,0,0,0,0,0,0
BEAM-2830,0,0,0,0,0,2,0,0,1,2
BEAM-2829,0,0,0,0,0,0,0,0,0,0
BEAM-2828,0,0,0,0,0,0,0,0,0,0
BEAM-2826,0,0,0,0,0,0,0,1,0,1
BEAM-2824,0,0,0,0,0,0,0,0,0,0
BEAM-2822,0,0,0,0,0,1,0,0,0,1
BEAM-2819,0,0,0,0,0,0,1,1,0,2
BEAM-2806,0,0,0,0,0,0,0,0,0,0
BEAM-2802,0,0,0,0,0,1,0,3,0,4
BEAM-2801,0,0,0,0,0,0,0,1,0,1
BEAM-2783,0,0,1,0,0,0,0,1,0,2
BEAM-2774,0,0,0,0,0,0,0,1,1,1
BEAM-2771,0,0,0,0,0,1,0,0,0,1
BEAM-2759,0,0,0,0,0,0,0,1,0,1
BEAM-2751,0,0,1,0,0,1,0,0,0,2
BEAM-2750,0,0,0,0,0,0,0,1,0,1
BEAM-2731,0,0,0,0,0,0,0,1,0,1
BEAM-2728,0,0,0,0,0,0,0,0,0,0
BEAM-2720,0,0,1,0,0,0,0,0,0,1
BEAM-2718,0,0,1,0,0,0,0,0,0,1
BEAM-2715,0,0,0,0,0,0,0,0,0,0
BEAM-2709,0,0,0,0,0,0,0,0,0,0
BEAM-2698,0,0,0,0,0,0,0,0,0,0
BEAM-2697,0,0,0,0,0,0,0,0,0,0
BEAM-2696,0,0,0,0,0,0,0,0,0,0
BEAM-2693,0,0,1,0,0,0,0,0,0,1
BEAM-2687,0,0,0,0,0,1,0,0,0,1
BEAM-2661,0,0,0,0,0,0,0,0,0,0
BEAM-2657,0,0,1,0,0,0,0,0,0,1
BEAM-2653,0,0,0,0,0,1,0,0,0,1
BEAM-2645,0,0,1,0,0,0,0,1,0,2
BEAM-2644,0,1,0,0,0,0,0,0,1,1
BEAM-2643,0,0,0,0,0,0,0,1,1,1
BEAM-2640,0,0,0,0,0,0,0,1,0,1
BEAM-2596,0,0,0,0,0,0,0,0,0,0
BEAM-2588,0,0,1,0,0,0,0,0,0,1
BEAM-2586,0,0,0,0,0,0,0,1,0,1
BEAM-2584,0,0,0,0,0,0,0,0,0,0
BEAM-2558,0,0,0,0,0,0,0,0,0,0
BEAM-2548,0,0,0,0,0,1,0,0,0,1
BEAM-2547,0,0,0,0,0,0,0,0,0,0
BEAM-2546,0,0,0,0,0,0,0,0,0,0
BEAM-2535,0,0,0,0,0,1,0,1,0,2
BEAM-2513,0,0,0,0,0,1,0,2,0,3
BEAM-2512,0,0,0,0,0,1,0,2,0,3
BEAM-2511,0,0,0,0,0,0,0,2,0,2
BEAM-2507,0,0,0,0,0,2,0,0,0,2
BEAM-2500,0,0,1,0,0,0,0,0,0,1
BEAM-2478,0,0,0,0,0,0,0,0,0,0
BEAM-2456,0,0,1,0,0,0,0,2,0,3
BEAM-2431,0,0,1,0,0,1,0,0,0,2
BEAM-2430,0,0,0,0,0,0,0,0,0,0
BEAM-2417,0,0,0,0,0,0,0,0,0,0
BEAM-2416,0,0,0,0,0,0,0,0,0,0
BEAM-2415,0,0,0,0,0,0,0,0,0,0
BEAM-2414,0,0,0,0,0,0,0,0,0,0
BEAM-2403,0,0,0,0,0,0,0,2,0,2
BEAM-2402,0,0,0,0,0,0,0,0,1,0
BEAM-2399,0,0,0,0,0,1,0,0,1,1
BEAM-2395,0,0,0,0,0,0,0,0,0,0
BEAM-2363,0,0,0,0,0,0,0,0,0,0
BEAM-2357,0,0,0,0,0,0,0,0,0,0
BEAM-2355,0,0,1,0,0,0,0,0,0,1
BEAM-2333,0,0,1,0,0,0,0,0,0,1
BEAM-2328,0,0,0,0,0,0,0,0,0,0
BEAM-2292,0,0,0,0,0,0,0,0,0,0
BEAM-2276,0,1,0,0,0,0,0,0,1,1
BEAM-2255,0,0,0,0,0,0,0,0,0,0
BEAM-2254,0,0,0,0,0,0,0,0,0,0
BEAM-2248,0,0,0,0,0,0,0,0,0,0
BEAM-2247,0,0,1,0,0,0,0,1,0,2
BEAM-2228,0,0,0,0,0,0,0,2,0,2
BEAM-2203,0,0,0,0,0,0,0,0,0,0
BEAM-2200,0,0,0,0,0,0,0,0,0,0
BEAM-2199,0,0,0,0,0,0,0,0,0,0
BEAM-2198,0,0,0,0,0,0,0,0,0,0
BEAM-2197,0,0,0,0,0,0,0,0,0,0
BEAM-2196,0,0,0,0,0,0,0,0,0,0
BEAM-2195,0,0,0,0,0,0,0,0,0,0
BEAM-2194,0,0,0,0,0,0,0,0,0,0
BEAM-2193,0,0,0,0,0,0,0,1,0,1
BEAM-2192,0,0,0,0,0,0,0,0,0,0
BEAM-2185,0,0,0,0,0,0,0,0,0,0
BEAM-2150,0,0,0,0,0,0,0,0,0,0
BEAM-2147,0,0,0,0,0,0,0,0,0,0
BEAM-2146,0,0,0,0,0,2,0,0,0,2
BEAM-2112,0,0,0,0,0,1,0,0,0,1
BEAM-2097,0,0,0,0,0,0,0,2,0,2
BEAM-2089,0,0,0,0,0,1,0,0,0,1
BEAM-2088,0,0,0,0,0,0,0,0,0,0
BEAM-2083,0,0,0,0,0,0,0,0,0,0
BEAM-2063,0,0,1,0,0,0,0,2,0,3
BEAM-2059,0,0,1,0,0,1,0,0,0,2
BEAM-2054,0,0,0,0,0,0,0,0,0,0
BEAM-2026,0,0,0,0,0,1,0,0,0,1
BEAM-2010,0,0,0,0,0,1,0,0,0,1
BEAM-2009,0,0,0,0,0,0,0,1,0,1
BEAM-2008,0,0,1,0,0,0,0,0,0,1
BEAM-2006,0,0,0,0,0,0,0,0,0,0
BEAM-2005,0,0,1,0,0,1,0,0,0,2
BEAM-1960,0,0,1,1,0,0,0,0,0,2
BEAM-1946,0,0,0,0,0,0,0,0,0,0
BEAM-1941,0,0,0,0,0,0,0,0,0,0
BEAM-1936,0,0,0,0,0,0,0,2,0,2
BEAM-1928,0,0,1,0,0,0,0,0,0,1
BEAM-1919,0,0,0,0,0,0,0,0,0,0
BEAM-1906,0,0,1,0,0,0,0,1,0,2
BEAM-1899,0,0,0,0,0,0,0,0,0,0
BEAM-1893,0,0,0,0,0,0,0,0,0,0
BEAM-1888,0,0,0,0,0,0,0,0,0,0
BEAM-1866,0,0,1,0,0,0,0,0,0,1
BEAM-1857,0,0,0,0,0,0,0,0,0,0
BEAM-1855,0,0,1,0,0,0,0,0,0,1
BEAM-1824,0,0,0,0,0,1,0,0,0,1
BEAM-1814,0,0,0,0,0,0,0,0,0,0
BEAM-1758,0,0,0,0,0,0,0,0,0,0
BEAM-1754,0,0,0,0,0,0,0,1,0,1
BEAM-1705,0,0,0,0,0,0,0,0,0,0
BEAM-1703,0,0,1,0,0,2,0,0,0,3
BEAM-1702,0,0,1,0,0,2,0,0,0,3
BEAM-1699,0,0,0,0,0,0,0,0,0,0
BEAM-1697,0,0,1,0,0,0,0,1,1,2
BEAM-1696,0,0,1,0,0,1,0,0,0,2
BEAM-1679,0,0,0,0,0,0,0,0,0,0
BEAM-1675,0,0,0,0,0,0,0,0,0,0
BEAM-1650,0,0,1,0,0,0,0,0,0,1
BEAM-1641,0,0,0,0,0,1,0,0,0,1
BEAM-1637,0,0,1,0,0,0,0,0,0,1
BEAM-1631,0,0,0,0,0,0,0,0,0,0
BEAM-1616,0,0,1,0,0,0,0,0,0,1
BEAM-1613,0,0,0,0,0,0,0,0,0,0
BEAM-1589,0,0,0,0,0,0,0,0,0,0
BEAM-1585,0,0,0,0,0,0,0,0,0,0
BEAM-1581,0,0,0,0,0,0,0,0,0,0
BEAM-1542,0,0,0,0,0,0,0,1,0,1
BEAM-1536,0,0,0,0,0,1,0,0,0,1
BEAM-1535,0,0,0,0,0,1,0,0,0,1
BEAM-1534,0,0,0,0,0,0,0,0,0,0
BEAM-1521,0,0,0,0,0,1,0,2,0,3
BEAM-1505,0,0,0,0,0,0,0,0,0,0
BEAM-1488,0,0,0,0,0,0,0,0,0,0
BEAM-1483,0,0,0,0,0,0,0,0,0,0
BEAM-1482,0,0,0,0,0,0,0,0,0,0
BEAM-1481,0,0,0,0,0,0,0,0,0,0
BEAM-1480,0,0,0,0,0,0,0,0,0,0
BEAM-1479,0,0,0,0,0,0,0,0,0,0
BEAM-1478,0,0,0,0,0,0,0,0,0,0
BEAM-1477,0,0,0,0,0,0,0,0,0,0
BEAM-1476,0,0,0,0,0,0,0,0,0,0
BEAM-1475,0,0,0,0,0,0,0,0,0,0
BEAM-1474,0,0,0,0,0,0,0,0,0,0
BEAM-1472,0,0,0,0,0,1,0,0,0,1
BEAM-1466,0,0,0,0,0,0,0,0,0,0
BEAM-1449,0,0,0,1,0,0,0,2,0,3
BEAM-1441,0,0,1,0,0,0,0,0,0,1
BEAM-1440,0,0,0,0,0,0,0,0,1,0
BEAM-1436,0,0,1,0,0,1,0,0,0,2
BEAM-1398,0,0,0,0,0,0,0,0,0,0
BEAM-1397,0,0,1,0,0,0,0,0,0,1
BEAM-1377,0,0,1,0,0,1,0,0,0,2
BEAM-1328,0,0,0,0,0,0,0,1,0,1
BEAM-1327,0,0,0,0,0,0,0,0,0,0
BEAM-1325,0,0,1,0,0,0,0,0,0,1
BEAM-1318,0,0,0,0,0,0,0,3,0,3
BEAM-1290,0,0,0,0,0,2,0,0,0,2
BEAM-1287,0,0,0,0,0,0,0,1,0,1
BEAM-1271,0,0,1,0,0,0,0,0,0,1
BEAM-1267,0,0,0,0,0,0,0,2,0,2
BEAM-1265,0,0,0,0,0,1,0,0,0,1
BEAM-1261,0,0,0,0,0,0,0,3,0,3
BEAM-1240,0,0,0,0,0,0,0,0,0,0
BEAM-1237,0,0,0,0,0,0,0,0,0,0
BEAM-1233,0,0,1,0,0,1,0,1,0,3
BEAM-1198,0,0,0,0,0,1,0,0,0,1
BEAM-1196,0,0,2,0,0,0,0,2,0,4
BEAM-1195,0,0,0,0,0,1,0,0,0,1
BEAM-1193,0,0,1,0,0,0,0,0,1,1
BEAM-1192,0,0,0,0,0,0,0,0,1,0
BEAM-1164,0,0,0,0,0,1,0,0,1,1
BEAM-1157,0,0,0,0,0,0,0,0,0,0
BEAM-1132,0,0,1,0,0,0,0,0,0,1
BEAM-1131,0,0,0,0,0,1,0,0,0,1
BEAM-1122,0,0,1,0,0,1,0,0,0,2
BEAM-1118,0,0,0,0,0,0,0,0,0,0
BEAM-1117,0,0,0,0,0,0,0,0,0,0
BEAM-1116,0,0,0,0,0,0,0,0,0,0
BEAM-1115,0,0,0,0,0,0,0,0,0,0
BEAM-1114,0,0,0,0,0,0,0,0,0,0
BEAM-1113,0,0,0,0,0,0,0,0,0,0
BEAM-1080,0,0,0,0,0,0,0,0,0,0
BEAM-1076,0,0,1,0,0,0,0,0,0,1
BEAM-1059,0,0,0,0,0,0,0,0,0,0
BEAM-1047,0,0,0,0,0,0,0,0,0,0
BEAM-1038,0,0,0,0,0,0,0,0,0,0
BEAM-1037,0,0,0,0,0,0,0,0,0,0
BEAM-1036,0,0,0,0,0,0,0,0,0,0
BEAM-1035,0,0,0,0,0,0,0,0,0,0
BEAM-1021,0,0,0,0,0,0,0,0,0,0
BEAM-1017,0,0,0,0,0,0,0,0,0,0
BEAM-1016,0,1,0,0,0,1,0,0,0,2
BEAM-1003,0,0,1,0,0,1,0,0,0,2
BEAM-1002,0,0,1,0,0,1,0,0,0,2
BEAM-994,0,0,1,0,0,0,0,0,0,1
BEAM-978,0,0,0,0,0,0,0,0,0,0
BEAM-961,0,0,0,0,0,0,0,2,0,2
BEAM-943,0,0,1,0,0,0,0,0,0,1
BEAM-936,0,0,0,0,0,0,0,3,0,3
BEAM-923,0,0,1,0,0,2,0,0,0,3
BEAM-920,0,0,0,0,0,0,0,0,0,0
BEAM-912,0,0,0,0,0,0,0,0,0,0
BEAM-894,0,0,0,0,0,1,0,0,0,1
BEAM-885,0,0,0,0,0,0,0,0,0,0
BEAM-881,0,0,0,0,0,1,0,0,0,1
BEAM-873,0,0,0,0,0,0,0,0,0,0
BEAM-869,0,0,0,0,0,0,0,1,0,1
BEAM-868,0,0,0,0,0,0,0,1,0,1
BEAM-867,0,0,0,0,0,0,0,1,0,1
BEAM-866,0,0,0,0,0,0,0,1,0,1
BEAM-865,0,0,0,0,0,0,0,1,0,1
BEAM-846,0,0,0,0,0,0,0,0,0,0
BEAM-840,0,0,1,0,0,1,0,0,0,2
BEAM-834,0,0,0,0,0,0,0,1,0,1
BEAM-830,0,0,0,0,0,1,0,0,0,1
BEAM-802,0,0,0,0,0,0,0,0,0,0
BEAM-782,0,0,0,0,0,0,0,0,0,0
BEAM-780,0,0,0,0,0,0,0,0,0,0
BEAM-722,0,0,0,0,0,0,0,0,0,0
BEAM-701,0,0,1,0,0,0,0,0,0,1
BEAM-699,0,0,0,0,0,0,0,0,0,0
BEAM-654,0,0,0,0,0,0,0,2,0,2
BEAM-653,0,0,0,0,0,0,0,0,0,0
BEAM-651,0,0,0,0,0,0,0,0,0,0
BEAM-644,0,0,0,0,0,1,0,0,0,1
BEAM-643,0,0,1,0,0,0,0,1,0,2
BEAM-638,0,0,0,0,0,0,1,0,0,1
BEAM-636,0,0,0,0,0,0,0,0,0,0
BEAM-635,0,0,0,0,0,0,0,0,0,0
BEAM-621,0,0,1,1,0,0,0,0,0,2
BEAM-612,0,0,0,0,0,0,0,0,0,0
BEAM-607,0,0,1,0,0,0,0,0,0,1
BEAM-606,0,0,0,0,0,0,0,0,0,0
BEAM-596,0,0,0,0,0,0,0,0,0,0
BEAM-595,0,0,0,0,0,0,0,0,0,0
BEAM-594,0,0,0,0,0,0,0,0,0,0
BEAM-593,0,0,1,0,0,0,0,0,0,1
BEAM-590,0,0,0,0,0,0,0,0,0,0
BEAM-575,0,0,0,0,0,0,0,0,0,0
BEAM-563,0,0,0,0,0,0,0,0,0,0
BEAM-562,0,0,0,0,0,0,0,0,0,0
BEAM-558,0,0,0,0,0,0,0,3,0,3
BEAM-553,0,0,1,0,0,0,0,1,0,2
BEAM-551,0,0,1,0,0,0,0,0,0,1
BEAM-547,0,0,1,0,0,0,0,0,0,1
BEAM-544,0,0,1,0,0,0,0,1,0,2
BEAM-540,0,0,0,0,1,1,0,0,0,2
BEAM-529,0,0,0,0,0,1,0,0,0,1
BEAM-528,0,0,0,0,0,0,0,0,0,0
BEAM-518,0,0,0,0,0,0,0,1,0,1
BEAM-498,0,0,0,0,0,0,0,0,0,0
BEAM-476,0,0,0,0,1,1,0,1,0,3
BEAM-458,0,0,0,0,0,0,0,0,0,0
BEAM-456,0,0,0,0,0,0,0,0,0,0
BEAM-455,0,0,0,0,0,1,0,1,0,2
BEAM-444,0,0,0,0,0,0,0,0,0,0
BEAM-443,0,0,0,0,0,0,0,0,0,0
BEAM-428,0,0,0,0,0,0,0,0,0,0
BEAM-427,0,0,1,0,0,0,0,0,0,1
BEAM-425,0,0,1,0,0,0,0,0,0,1
BEAM-424,0,0,1,0,0,0,0,1,0,2
BEAM-404,0,0,0,0,0,1,0,2,1,3
BEAM-386,0,0,0,0,0,1,0,0,0,1
BEAM-360,0,0,1,0,0,1,0,0,0,2
BEAM-332,0,0,0,0,0,0,0,1,0,1
BEAM-313,0,0,0,0,0,1,0,0,0,1
BEAM-301,0,0,1,0,0,0,0,0,0,1
BEAM-269,0,0,1,0,0,0,0,0,0,1
BEAM-266,0,0,1,0,0,0,0,0,0,1
BEAM-261,0,0,1,0,0,0,0,0,0,1
BEAM-256,0,0,1,0,0,0,0,0,0,1
BEAM-252,0,0,0,0,0,0,0,0,0,0
BEAM-245,0,0,0,0,0,0,0,0,0,0
BEAM-244,0,0,1,0,0,0,0,0,0,1
BEAM-233,0,1,0,0,0,0,0,0,0,1
BEAM-228,0,0,0,0,0,0,0,0,0,0
BEAM-227,0,0,1,0,0,0,0,0,0,1
BEAM-221,0,0,0,0,0,0,0,0,0,0
BEAM-216,0,0,0,0,0,0,0,0,0,0
BEAM-214,0,0,0,0,0,0,0,0,0,0
BEAM-210,0,0,0,0,0,0,0,0,0,0
BEAM-209,0,0,0,0,0,0,0,0,0,0
BEAM-205,0,0,0,0,0,1,0,0,0,1
BEAM-198,0,0,1,0,0,0,0,0,0,1
BEAM-165,0,0,1,0,0,0,0,0,0,1
BEAM-150,0,0,0,0,0,1,0,0,0,1
BEAM-147,0,0,0,0,0,0,0,1,0,1
BEAM-137,0,0,1,0,0,0,0,2,0,3
BEAM-135,0,0,0,0,0,2,0,0,0,2
BEAM-132,0,0,0,0,0,0,0,0,0,0
BEAM-131,0,0,0,0,0,0,0,1,0,1
BEAM-130,0,0,0,0,0,1,0,1,0,2
BEAM-129,0,0,1,0,0,0,0,0,0,1
BEAM-128,0,0,0,0,1,0,0,1,0,2
BEAM-127,0,0,0,0,0,0,0,0,0,0
BEAM-124,0,0,1,1,0,1,0,0,0,3
BEAM-123,0,0,0,0,0,0,0,0,0,0
BEAM-117,0,0,1,0,0,0,0,0,0,1
BEAM-106,0,0,0,0,0,1,0,0,0,1
BEAM-104,0,0,0,0,0,0,0,1,0,1
BEAM-101,0,0,0,0,0,0,0,0,0,0
BEAM-96,0,0,0,0,0,0,0,0,0,0
BEAM-93,0,0,1,0,0,0,0,0,0,1
BEAM-92,0,0,0,0,0,0,0,0,0,0
BEAM-91,0,0,0,0,0,1,0,0,0,1
BEAM-85,0,0,0,0,0,0,0,2,2,2
BEAM-84,0,0,1,0,0,0,0,0,0,1
BEAM-80,0,0,1,0,0,0,0,1,0,2
BEAM-79,0,0,0,0,0,0,0,0,0,0
BEAM-76,0,0,0,0,0,0,0,3,0,3
BEAM-75,0,0,0,0,0,1,0,0,0,1
BEAM-74,0,0,0,0,0,1,0,0,0,1
BEAM-73,0,0,1,0,0,0,0,0,0,1
BEAM-72,0,0,1,0,0,0,0,0,0,1
BEAM-71,0,0,0,0,0,0,0,0,0,0
BEAM-70,0,0,0,0,0,0,0,1,0,1
BEAM-69,0,0,0,0,1,0,0,2,0,3
BEAM-68,0,0,0,0,0,1,0,0,0,1
BEAM-67,0,0,1,0,0,0,0,0,0,1
BEAM-66,0,0,0,0,0,0,0,1,0,1
BEAM-65,0,0,0,0,0,0,0,0,0,0
BEAM-64,0,0,0,0,0,1,0,1,0,2
BEAM-63,0,0,0,0,0,0,0,0,0,0
BEAM-62,0,0,0,0,0,1,0,0,0,1
BEAM-61,0,0,0,0,0,0,0,0,0,0
BEAM-60,0,0,1,0,0,1,0,2,0,4
BEAM-59,0,0,0,0,0,0,0,0,0,0
BEAM-58,0,0,1,0,0,1,0,0,0,2
BEAM-57,0,0,0,0,0,0,0,3,0,3
BEAM-56,0,0,1,0,0,1,0,0,0,2
BEAM-55,0,0,0,0,0,0,0,0,0,0
BEAM-54,0,0,0,0,0,1,0,1,0,2
BEAM-53,0,0,0,0,0,0,0,0,0,0
BEAM-52,0,0,0,0,0,0,0,0,0,0
BEAM-51,0,0,1,0,0,0,0,0,0,1
BEAM-50,0,0,0,0,0,0,0,0,0,0
BEAM-49,0,0,0,0,0,0,0,0,0,0
BEAM-48,0,0,0,0,0,0,0,0,0,0
BEAM-47,0,0,0,0,0,0,0,2,0,2
BEAM-46,0,0,1,0,0,0,0,0,0,1
BEAM-45,0,0,1,0,0,0,0,0,0,1
BEAM-42,0,0,0,0,0,1,0,1,0,2
BEAM-41,0,0,0,0,0,1,0,0,0,1
BEAM-37,0,0,0,0,0,1,0,0,0,1
BEAM-33,0,1,0,0,0,0,0,1,0,2
BEAM-32,0,0,0,0,1,1,0,1,0,3
BEAM-28,0,0,0,0,0,0,0,0,0,0
BEAM-27,0,0,0,0,0,1,0,0,0,1
BEAM-26,0,0,0,0,0,1,0,0,0,1
BEAM-25,0,0,0,0,0,1,0,0,0,1
BEAM-23,0,0,0,1,0,1,0,1,0,3
BEAM-21,0,0,1,0,0,0,0,0,0,1
BEAM-16,0,0,0,0,0,0,0,0,0,0
BEAM-14,0,0,0,0,0,0,0,0,0,0
BEAM-13,0,0,0,0,0,0,0,0,0,0
BEAM-10,0,0,1,0,0,0,0,1,0,2
BEAM-8,0,0,1,0,0,0,0,0,0,1
BEANUTILS-514,0,0,0,0,0,0,0,0,0,0
BEANUTILS-512,0,0,1,0,0,0,0,0,0,1
BEANUTILS-511,0,0,1,0,0,0,0,0,0,1
BEANUTILS-425,0,0,0,0,0,2,0,0,0,2
BEANUTILS-424,0,0,0,0,0,1,0,1,0,2
BEANUTILS-407,0,0,1,0,0,0,0,0,0,1
BEANUTILS-406,0,0,0,0,0,0,0,0,0,0
BEANUTILS-405,0,0,0,0,0,0,0,2,0,2
BEANUTILS-389,0,0,0,0,0,0,0,1,0,1
BEANUTILS-370,0,0,1,0,0,2,0,0,0,3
BEANUTILS-335,0,0,0,0,0,0,0,0,0,0
BEANUTILS-325,0,0,0,0,0,0,0,0,0,0
BEANUTILS-322,0,0,0,1,0,0,0,1,1,2
BEANUTILS-321,0,0,0,0,0,0,0,0,0,0
BEANUTILS-320,0,0,0,1,0,1,0,0,0,2
BEANUTILS-315,0,0,0,0,0,0,0,0,0,0
BEANUTILS-313,0,0,0,0,0,0,0,0,0,0
BEANUTILS-304,0,0,0,0,0,0,0,0,0,0
BEANUTILS-286,0,0,1,0,0,1,0,0,0,2
BEANUTILS-285,0,0,0,0,0,1,0,0,0,1
BEANUTILS-279,0,0,0,0,0,1,0,0,0,1
BEANUTILS-269,0,0,0,0,0,0,0,0,0,0
BEANUTILS-265,0,0,0,0,0,0,0,0,0,0
BEANUTILS-261,0,0,0,0,1,0,0,1,0,2
BEANUTILS-259,0,0,1,0,0,0,0,0,0,1
BEANUTILS-255,0,0,1,1,0,1,0,0,0,3
BEANUTILS-253,0,0,0,0,0,0,0,0,0,0
BEANUTILS-242,0,0,1,0,0,1,0,1,0,3
BEANUTILS-185,0,0,0,0,0,0,0,0,0,0
BEANUTILS-244,0,0,0,0,0,0,0,0,0,0
CLI-293,0,0,0,0,0,0,0,0,0,0
CLI-290,0,0,0,0,0,1,0,3,0,4
CLI-269,0,0,0,0,0,0,0,0,0,0
CLI-267,0,0,0,0,0,0,0,0,0,0
CLI-228,0,0,1,0,0,1,0,0,0,2
CLI-219,0,0,0,0,0,0,0,2,1,2
CLI-218,0,0,0,0,0,0,0,0,1,0
CLI-196,0,0,1,0,0,0,0,0,0,1
CLI-190,0,0,0,0,0,0,0,0,0,0
CLI-168,0,1,1,0,0,0,0,2,0,4
CLI-166,0,0,0,0,0,1,0,0,0,1
CLI-90,0,0,1,0,0,1,0,0,0,2
CLI-113,0,0,0,0,0,0,0,0,0,0
COCOON-2338,0,0,0,0,0,0,0,0,0,0
COCOON-2313,0,0,0,0,0,0,0,0,0,0
COCOON-2311,0,0,0,0,0,0,0,0,0,0
COCOON-2288,0,0,0,0,0,0,0,0,0,0
COCOON-2269,0,0,0,0,0,0,0,0,0,0
COCOON-2211,0,0,0,0,0,0,0,0,0,0
COCOON-2205,0,0,0,0,0,1,0,0,0,1
COCOON-2200,0,0,1,0,0,0,0,0,0,1
COCOON-2190,0,0,0,0,0,0,0,0,0,0
COCOON-2180,0,0,1,0,0,0,0,0,0,1
COCOON-2154,0,0,0,0,0,0,0,0,0,0
COCOON-2145,0,0,0,0,0,0,0,0,0,0
COCOON-2137,0,0,0,0,0,0,0,0,0,0
COCOON-2122,0,0,1,0,0,0,0,0,0,1
COCOON-2118,0,0,0,0,0,0,0,0,0,0
COCOON-2116,0,0,1,0,0,1,0,0,0,2
COCOON-2110,0,0,1,0,0,0,0,0,0,1
COCOON-2083,0,0,0,0,0,0,0,1,0,1
COCOON-2054,0,1,0,0,0,0,0,1,0,2
COCOON-2048,0,0,0,0,0,0,0,1,0,1
COCOON-2047,0,0,0,0,0,0,0,0,0,0
COCOON-2046,0,0,0,0,0,0,0,0,0,0
COCOON-2037,0,0,1,0,0,0,0,0,0,1
COCOON-2001,0,0,0,0,0,0,0,0,0,0
COCOON-1996,0,0,0,0,0,0,0,0,0,0
COCOON-1974,0,0,0,0,0,1,0,0,0,1
COCOON-1963,0,0,1,0,0,1,0,0,0,2
COCOON-1955,0,0,0,0,0,0,0,0,0,0
COCOON-1928,0,0,0,0,0,0,0,0,0,0
COCOON-1908,0,0,1,0,0,0,0,0,0,1
COCOON-1877,0,0,0,0,0,0,0,0,0,0
COCOON-1874,0,0,0,0,0,0,0,0,0,0
COCOON-1835,0,0,0,0,0,1,0,0,0,1
COCOON-1834,0,0,0,0,0,0,0,0,0,0
COCOON-1833,0,0,0,0,0,0,0,0,0,0
COCOON-1832,0,0,0,0,0,1,0,0,0,1
COCOON-1831,0,0,0,0,0,1,0,0,0,1
COCOON-1830,0,0,0,0,0,0,0,0,0,0
COCOON-1806,0,0,1,0,0,0,0,1,0,2
COCOON-1802,0,0,0,0,0,0,0,0,0,0
COCOON-1801,0,0,0,0,0,0,0,0,0,0
COCOON-1795,0,0,0,0,0,0,0,0,0,0
COCOON-1789,0,0,0,0,0,0,0,0,0,0
COCOON-1768,0,0,0,0,0,0,0,0,0,0
COCOON-1767,0,0,0,0,0,1,0,0,0,1
COCOON-1766,0,0,1,0,0,0,0,0,0,1
COCOON-1765,0,0,0,0,0,1,0,0,0,1
COCOON-1764,0,0,0,0,0,1,0,0,0,1
COCOON-1729,0,0,0,0,0,1,0,0,0,1
COCOON-1676,0,0,0,0,0,1,0,1,0,2
CODEC-257,0,0,0,0,0,0,0,0,0,0
CODEC-251,0,0,0,0,0,0,0,0,0,0
CODEC-242,0,0,1,0,0,0,0,0,0,1
CODEC-240,0,0,1,0,0,0,0,0,0,1
CODEC-238,0,1,0,1,0,0,0,2,1,4
CODEC-236,0,0,1,0,0,1,0,0,0,2
CODEC-235,0,0,0,0,0,0,0,0,0,0
CODEC-233,0,1,0,0,0,0,0,3,0,4
CODEC-227,0,0,1,0,0,1,0,0,0,2
CODEC-222,0,0,0,0,0,0,0,0,0,0
CODEC-215,0,0,0,0,1,0,0,0,0,1
CODEC-214,0,0,0,0,0,0,0,0,0,0
CODEC-213,0,0,0,0,0,0,0,0,0,0
CODEC-212,0,0,1,0,0,0,0,0,0,1
CODEC-211,0,0,0,1,0,0,0,0,0,1
CODEC-210,0,0,0,0,0,0,0,1,0,1
CODEC-208,0,0,0,0,0,0,0,1,0,1
CODEC-206,0,0,0,0,0,0,0,0,0,0
CODEC-205,0,1,0,0,0,1,0,0,0,2
CODEC-203,0,0,1,0,0,0,0,1,0,2
CODEC-195,0,0,0,0,0,0,0,0,0,0
CODEC-194,0,0,0,0,0,0,0,0,0,0
CODEC-192,0,0,0,0,0,0,0,0,0,0
CODEC-188,0,0,1,0,0,0,0,0,0,1
CODEC-173,0,0,0,0,0,0,0,1,0,1
CODEC-161,0,0,1,0,0,0,0,0,0,1
CODEC-136,0,0,0,0,0,1,0,0,0,1
CODEC-133,0,0,1,0,0,0,0,3,0,4
CODEC-125,0,0,1,0,0,0,0,0,0,1
CODEC-110,0,0,0,0,0,0,0,0,0,0
CODEC-106,0,0,1,0,0,0,0,0,0,1
CODEC-104,0,0,0,0,0,0,0,1,0,1
CODEC-88,0,0,0,0,0,0,0,0,0,0
CODEC-74,0,0,0,0,0,0,0,0,0,0
CODEC-63,0,0,0,0,0,0,0,0,0,0
CODEC-62,0,0,1,0,0,0,0,0,0,1
CODEC-60,0,0,0,0,0,0,0,0,0,0
COLLECTIONS-719,0,0,0,0,0,0,0,0,0,0
COLLECTIONS-715,0,0,0,0,0,0,0,0,0,0
COLLECTIONS-706,0,0,0,0,0,0,0,1,0,1
COLLECTIONS-700,0,0,0,0,0,0,0,0,0,0
COLLECTIONS-693,0,0,1,0,0,0,0,0,0,1
COLLECTIONS-692,0,0,0,0,0,0,0,0,0,0
COLLECTIONS-671,0,0,0,0,0,0,0,1,0,1
COLLECTIONS-670,0,0,0,0,0,0,0,1,0,1
COLLECTIONS-668,0,0,0,0,0,0,0,1,0,1
COLLECTIONS-667,0,0,1,0,0,0,0,0,0,1
COLLECTIONS-664,0,0,0,0,0,0,0,0,0,0
COLLECTIONS-654,0,0,0,0,0,0,0,0,0,0
COLLECTIONS-607,0,0,0,0,0,1,0,0,0,1
COLLECTIONS-605,0,0,1,0,0,0,0,0,0,1
COLLECTIONS-591,0,0,0,0,0,0,0,0,0,0
COLLECTIONS-575,0,0,0,0,0,0,0,0,0,0
COLLECTIONS-573,0,0,0,0,0,0,0,0,0,0
COLLECTIONS-568,0,0,0,0,0,0,0,0,1,0
COLLECTIONS-567,0,0,1,0,1,1,0,0,1,3
COLLECTIONS-565,0,0,0,0,0,0,0,0,0,0
COLLECTIONS-564,0,0,0,0,0,0,0,0,0,0
COLLECTIONS-561,0,0,0,0,0,0,0,0,0,0
COLLECTIONS-556,0,0,0,0,0,0,0,0,0,0
COLLECTIONS-552,0,0,0,0,0,0,0,0,0,0
COLLECTIONS-550,0,0,0,0,0,1,0,2,0,3
COLLECTIONS-546,0,0,0,0,0,0,0,1,0,1
COLLECTIONS-541,0,0,0,0,0,0,0,0,0,0
COLLECTIONS-533,0,0,0,0,0,0,0,0,0,0
COLLECTIONS-532,0,0,0,0,1,1,0,1,0,3
COLLECTIONS-520,0,0,0,0,0,1,0,0,0,1
COLLECTIONS-511,0,0,0,0,0,0,0,1,1,1
COLLECTIONS-505,0,0,0,0,0,1,0,0,0,1
COLLECTIONS-503,0,0,0,0,0,0,0,0,0,0
COLLECTIONS-497,0,0,0,0,0,0,0,0,0,0
COLLECTIONS-479,0,0,1,0,0,0,0,0,0,1
COLLECTIONS-471,0,1,0,0,0,1,0,1,2,3
COLLECTIONS-469,0,0,1,0,0,2,0,0,0,3
COLLECTIONS-467,0,0,0,0,0,0,0,0,0,0
COLLECTIONS-460,1,0,0,0,0,0,0,1,0,2
COLLECTIONS-457,0,0,0,0,0,0,0,0,0,0
COLLECTIONS-456,0,0,0,0,0,0,0,1,0,1
COLLECTIONS-440,0,0,1,0,0,2,0,0,0,3
COLLECTIONS-476,0,0,0,0,0,0,0,0,0,0
COLLECTIONS-428,0,0,0,0,0,1,0,0,0,1
COLLECTIONS-422,0,0,0,0,0,1,0,0,0,1
COLLECTIONS-399,0,0,0,0,0,0,0,0,0,0
COLLECTIONS-396,0,0,1,0,0,0,0,0,0,1
COLLECTIONS-393,0,1,1,0,0,0,0,0,0,2
COLLECTIONS-370,0,0,0,0,0,0,0,0,0,0
COLLECTIONS-368,0,0,1,0,0,1,0,0,0,2
COLLECTIONS-366,0,0,0,0,0,0,0,0,0,0
COLLECTIONS-356,0,0,0,0,0,0,0,2,0,2
COLLECTIONS-354,0,0,1,0,0,0,0,0,0,1
COLLECTIONS-347,0,0,0,0,0,1,0,0,0,1
COLLECTIONS-345,0,0,0,0,0,0,0,0,0,0
COLLECTIONS-342,0,0,0,0,0,0,0,0,0,0
COLLECTIONS-306,0,0,0,0,0,0,0,0,0,0
COLLECTIONS-301,0,0,0,0,0,0,0,0,0,0
COLLECTIONS-296,0,0,0,0,0,1,0,0,0,1
COLLECTIONS-287,0,0,0,0,0,0,0,0,0,0
COLLECTIONS-286,0,0,0,0,0,1,0,1,1,2
COLLECTIONS-283,0,0,0,0,0,0,0,0,0,0
COLLECTIONS-275,0,0,0,0,0,0,0,2,0,2
COLLECTIONS-270,0,0,0,0,0,1,0,0,0,1
COLLECTIONS-263,0,0,0,0,0,0,0,0,0,0
COLLECTIONS-258,0,0,0,0,0,0,0,0,0,0
COLLECTIONS-248,0,0,0,0,0,0,0,0,0,0
COLLECTIONS-241,0,0,0,0,0,1,0,0,0,1
COLLECTIONS-235,0,0,0,0,0,1,0,1,0,2
COLLECTIONS-225,0,0,0,0,0,1,0,0,0,1
COLLECTIONS-224,0,0,0,0,0,0,0,0,0,0
COLLECTIONS-8,0,0,0,0,0,0,0,0,0,0
COLLECTIONS-181,0,0,0,0,0,0,0,0,0,0
COLLECTIONS-152,0,0,0,0,0,1,0,0,0,1
COLLECTIONS-165,0,0,0,0,0,0,0,0,0,0
COLLECTIONS-196,0,0,0,0,0,0,0,1,0,1
CONFIGURATION-745,0,0,0,0,0,0,0,0,0,0
CONFIGURATION-704,0,0,0,0,0,1,0,0,0,1
CONFIGURATION-676,0,0,1,0,0,0,0,0,0,1
CONFIGURATION-674,0,0,0,0,0,0,0,0,0,0
CONFIGURATION-664,0,0,0,0,0,1,0,1,0,2
CONFIGURATION-662,0,0,0,0,0,0,0,1,0,1
CONFIGURATION-661,0,0,1,0,0,1,0,0,0,2
CONFIGURATION-658,0,0,0,0,0,0,0,1,0,1
CONFIGURATION-656,0,0,0,0,0,0,0,0,0,0
CONFIGURATION-624,0,0,1,0,0,0,0,0,0,1
CONFIGURATION-569,0,0,0,0,0,0,0,0,0,0
CONFIGURATION-565,0,0,0,0,0,0,0,0,0,0
CONFIGURATION-559,0,0,0,0,0,0,0,1,0,1
CONFIGURATION-526,0,0,0,0,0,2,0,0,0,2
CONFIGURATION-517,0,0,0,0,0,1,0,0,0,1
CONFIGURATION-514,0,0,0,0,0,1,0,0,0,1
CONFIGURATION-512,0,0,0,0,0,0,0,0,0,0
CONFIGURATION-498,0,0,1,0,0,0,0,0,0,1
CONFIGURATION-414,0,0,0,0,0,1,0,0,0,1
CONFIGURATION-380,0,0,0,0,0,1,0,1,0,2
CONFIGURATION-371,0,0,0,0,0,1,0,1,0,2
CONFIGURATION-370,0,0,0,0,0,1,0,0,0,1
CONFIGURATION-367,0,0,0,0,0,0,0,0,0,0
CONFIGURATION-353,0,0,1,0,0,0,0,0,0,1
CONFIGURATION-350,0,0,0,0,0,0,0,0,0,0
CONFIGURATION-333,0,0,0,0,0,0,0,0,0,0
CONFIGURATION-312,0,0,0,0,0,0,0,0,0,0
CONFIGURATION-307,0,0,0,0,0,0,0,2,0,2
CONFIGURATION-290,0,0,0,0,0,0,0,0,0,0
CONFIGURATION-284,0,0,0,0,0,0,0,0,0,0
CONFIGURATION-276,0,0,0,0,0,0,0,0,0,0
CONFIGURATION-273,0,0,0,0,0,1,0,0,0,1
CONFIGURATION-271,0,0,1,0,0,0,0,0,0,1
CONFIGURATION-262,0,0,1,0,0,0,0,0,0,1
CONFIGURATION-258,0,0,0,0,0,0,0,0,0,0
CONFIGURATION-247,0,0,0,0,0,0,0,0,0,0
CONFIGURATION-237,0,0,0,0,0,1,0,0,0,1
CONFIGURATION-236,0,0,0,0,0,0,0,0,0,0
CONFIGURATION-218,0,0,0,0,0,0,0,0,0,0
CONFIGURATION-164,0,0,0,0,0,1,0,0,0,1
CONFIGURATION-211,0,0,0,0,0,0,0,0,0,0
CONFIGURATION-201,0,0,0,0,0,0,0,0,0,0
CONFIGURATION-198,0,0,0,0,0,0,0,0,0,0
DAEMON-321,0,0,0,0,0,0,0,0,0,0
DAEMON-314,0,0,0,0,0,0,0,0,0,0
DAEMON-303,0,0,0,0,0,0,0,2,0,2
DAEMON-293,0,0,1,0,0,0,0,0,0,1
DAEMON-264,0,0,0,0,0,1,0,0,0,1
DAEMON-262,0,0,1,0,0,0,0,0,0,1
DAEMON-245,0,0,1,0,0,1,0,0,0,2
DAEMON-243,0,0,0,0,0,0,0,0,0,0
DAEMON-216,0,0,1,0,0,0,0,2,0,3
DAEMON-209,0,0,0,0,0,1,0,0,0,1
DAEMON-189,0,0,0,0,0,0,0,0,0,0
DAEMON-180,0,0,0,0,0,2,0,0,0,2
DAEMON-179,0,0,0,0,0,1,0,0,0,1
DAEMON-176,0,0,0,0,0,0,0,0,0,0
DAEMON-173,0,0,0,0,0,0,0,3,0,3
DAEMON-140,0,0,1,0,0,0,0,0,0,1
DAEMON-138,0,0,0,0,0,1,0,0,0,1
DAEMON-137,0,0,0,0,0,1,0,0,0,1
DAEMON-125,0,0,0,0,0,0,0,0,0,0
DAEMON-104,0,0,0,0,0,0,0,0,0,0
DAEMON-89,0,0,0,0,0,1,0,2,0,3
DBCP-546,0,0,0,0,0,1,0,0,0,1
DBCP-506,0,0,0,0,0,0,0,0,0,0
DBCP-489,0,0,0,0,0,0,0,1,0,1
DBCP-409,0,0,0,0,0,1,0,0,0,1
DBCP-368,0,0,0,0,0,0,0,0,1,0
DBCP-361,0,0,0,0,0,0,0,0,0,0
DBCP-325,0,1,0,0,0,0,0,0,0,1
DBCP-297,0,0,0,0,0,0,0,0,0,0
DBCP-292,0,0,0,0,0,1,0,0,0,1
DBCP-261,0,0,0,0,0,0,0,2,1,2
DBCP-249,0,0,0,0,0,0,1,1,0,2
DBCP-231,1,0,0,0,0,1,0,1,0,3
DBCP-230,0,0,0,0,0,0,0,0,0,0
DBCP-229,0,0,0,0,0,1,0,0,0,1
DBCP-228,0,0,1,0,0,0,0,0,0,1
DBCP-223,0,0,1,0,0,0,0,0,0,1
DBCP-220,0,0,0,0,0,0,0,3,0,3
DBCP-219,0,0,0,0,0,1,0,0,0,1
DBCP-204,1,0,0,0,0,0,0,0,0,1
DBCP-203,0,0,0,0,0,1,0,0,0,1
DBUTILS-127,0,0,0,0,0,0,0,0,0,0
DBUTILS-126,0,0,0,0,0,0,0,0,0,0
DBUTILS-124,0,1,0,0,0,0,0,1,0,2
DBUTILS-97,0,0,1,0,0,2,0,0,0,3
DBUTILS-89,0,0,0,0,0,1,0,0,0,1
DBUTILS-87,0,0,0,0,0,0,0,0,0,0
DBUTILS-83,0,0,0,0,0,0,0,1,0,1
DBUTILS-78,0,0,0,0,0,0,0,0,0,0
DBUTILS-76,0,0,0,0,0,0,0,0,0,0
DBUTILS-67,0,0,0,0,0,0,0,0,0,0
DBUTILS-50,0,0,1,0,0,0,0,0,0,1
DBUTILS-48,0,0,0,0,0,0,0,0,0,0
DBUTILS-47,0,0,0,0,0,0,0,0,0,0
DBUTILS-43,0,0,0,0,0,1,0,0,0,1
DIGESTER-158,0,0,1,0,0,2,0,1,0,4
FELIX-6131,0,0,0,0,0,0,0,0,0,0
FELIX-6129,0,0,0,0,0,1,0,0,0,1
FELIX-6025,0,0,0,0,0,0,0,0,0,0
FELIX-6024,0,0,0,0,0,0,0,0,0,0
FELIX-6019,0,0,0,0,0,0,0,0,0,0
FELIX-6018,0,0,0,0,0,0,0,1,0,1
FELIX-6017,0,0,1,0,0,1,0,0,1,2
FELIX-6013,0,0,2,0,0,1,0,0,0,3
FELIX-6012,0,0,1,0,0,0,0,1,0,2
FELIX-6004,0,0,2,0,0,0,0,0,0,2
FELIX-5984,0,0,0,0,0,0,0,1,0,1
FELIX-5983,0,0,0,0,0,0,0,0,0,0
FELIX-5961,0,0,0,0,0,0,0,0,1,0
FELIX-5952,0,0,1,0,0,0,0,0,0,1
FELIX-5951,0,0,0,0,0,0,0,0,0,0
FELIX-5923,0,0,1,0,1,1,0,0,0,3
FELIX-5900,0,0,0,0,0,1,0,0,0,1
FELIX-5881,0,0,1,0,0,0,0,0,0,1
FELIX-5880,0,0,2,1,0,0,0,0,2,3
FELIX-5862,0,0,0,0,0,0,0,1,0,1
FELIX-5848,0,0,1,0,0,2,0,0,0,3
FELIX-5839,0,0,0,1,0,0,0,0,0,1
FELIX-5837,0,0,0,0,0,0,0,0,0,0
FELIX-5836,0,0,0,0,0,0,0,0,0,0
FELIX-5835,0,0,0,0,0,0,0,0,0,0
FELIX-5834,0,0,0,0,0,0,0,0,0,0
FELIX-5833,0,0,0,0,0,1,0,0,0,1
FELIX-5791,0,0,1,0,0,0,0,0,0,1
FELIX-5749,0,0,0,0,0,0,0,0,1,0
FELIX-5732,0,0,1,0,0,0,0,0,0,1
FELIX-5694,0,0,0,0,0,0,0,0,0,0
FELIX-5678,0,0,0,0,0,1,0,0,0,1
FELIX-5608,0,0,0,0,0,0,0,0,0,0
FELIX-5482,0,0,0,0,0,1,0,0,0,1
FELIX-5425,0,0,0,0,0,0,0,0,0,0
FELIX-5410,0,0,1,0,0,1,0,0,0,2
FELIX-5367,0,0,0,0,0,0,0,0,0,0
FELIX-5354,0,0,1,0,0,0,0,0,0,1
FELIX-5349,0,0,0,0,0,0,0,0,0,0
FELIX-5339,0,0,0,0,0,1,0,1,0,2
FELIX-5336,0,0,1,0,0,0,0,0,0,1
FELIX-5335,0,0,0,0,0,0,0,0,0,0
FELIX-5332,0,0,0,0,0,0,0,0,0,0
FELIX-5329,0,0,0,0,0,0,0,1,0,1
FELIX-5326,0,0,1,0,0,0,0,0,0,1
FELIX-5272,0,0,0,0,0,0,0,0,0,0
FELIX-5258,0,0,0,0,0,0,0,0,1,0
FELIX-5240,0,0,0,0,0,0,0,0,0,0
FELIX-5239,0,0,0,0,0,0,0,0,0,0
FELIX-5233,0,0,1,0,0,0,0,0,0,1
FELIX-5154,0,0,0,0,0,1,0,0,0,1
FELIX-5152,0,0,1,0,0,0,0,0,0,1
FELIX-4955,0,0,0,0,0,0,0,0,0,0
FELIX-4947,0,0,0,0,0,0,0,0,0,0
FELIX-4942,0,0,0,0,0,0,0,0,0,0
FELIX-4926,0,0,0,0,0,2,0,0,0,2
FELIX-4853,1,0,0,0,0,1,0,0,1,2
FELIX-4807,0,0,0,0,0,0,0,0,0,0
FELIX-4760,0,0,0,0,0,1,0,2,0,3
FELIX-4759,0,0,0,0,0,0,0,0,0,0
FELIX-4712,0,0,0,0,0,0,0,0,0,0
FELIX-4700,0,0,0,0,0,0,0,0,0,0
FELIX-4689,0,1,1,0,0,0,0,1,0,3
FELIX-4687,0,0,0,0,0,0,0,0,0,0
FELIX-4671,0,0,0,0,0,0,0,0,0,0
FELIX-4669,0,0,0,0,0,0,0,3,1,3
FELIX-4641,0,0,0,0,0,1,0,2,0,3
FELIX-4624,0,0,2,0,0,0,0,1,0,3
FELIX-4623,0,0,2,0,0,0,0,0,0,2
FELIX-4607,0,0,0,0,0,0,0,1,0,1
FELIX-4604,0,0,0,0,0,0,0,0,0,0
FELIX-4599,0,0,0,0,0,0,0,0,0,0
FELIX-4591,0,0,0,0,0,0,0,0,0,0
FELIX-4550,0,0,1,0,0,0,0,0,0,1
FELIX-4517,0,0,0,3,0,1,0,1,0,5
FELIX-4512,0,0,1,0,0,0,0,0,0,1
FELIX-4507,0,0,0,0,0,0,0,0,0,0
FELIX-4506,0,0,0,0,0,0,0,1,0,1
FELIX-4500,0,0,0,0,0,0,0,2,0,2
FELIX-4499,0,0,0,0,0,0,0,0,0,0
FELIX-4476,0,0,0,0,0,0,0,0,0,0
FELIX-4446,2,0,0,0,0,1,0,0,0,3
FELIX-4439,0,0,0,0,0,0,0,3,0,3
FELIX-4426,0,0,0,0,0,0,0,0,0,0
FELIX-4421,0,0,1,0,0,0,0,0,0,1
FELIX-4397,0,0,1,0,0,0,0,0,0,1
FELIX-4276,0,0,0,0,0,0,0,0,0,0
FELIX-4271,0,0,0,0,0,1,0,0,0,1
FELIX-4267,0,0,1,0,0,0,0,0,0,1
FELIX-4265,0,0,0,0,0,0,0,0,0,0
FELIX-4231,0,0,0,0,0,1,0,0,0,1
FELIX-4227,0,0,1,0,0,1,0,4,0,6
FELIX-4215,0,0,0,0,0,1,0,0,0,1
FELIX-4194,0,0,0,0,0,0,0,0,0,0
FELIX-4147,0,0,0,0,0,1,0,0,0,1
FELIX-4146,0,0,0,1,0,0,0,0,0,1
FELIX-4137,0,0,1,0,0,1,0,0,0,2
FELIX-4131,0,0,0,0,0,0,0,0,0,0
FELIX-4130,0,0,0,0,0,3,0,0,0,3
FELIX-4125,0,0,0,0,0,0,0,0,0,0
FELIX-4120,0,0,0,0,0,0,0,1,0,1
FELIX-4116,0,0,1,0,0,0,0,0,0,1
FELIX-4095,0,0,0,0,0,0,0,0,0,0
FELIX-4060,0,0,1,0,0,0,0,0,0,1
FELIX-4059,0,0,0,0,0,0,0,0,0,0
FELIX-4034,0,0,1,0,0,0,0,0,0,1
FELIX-4009,0,0,0,0,0,0,0,3,0,3
FELIX-3997,0,0,0,0,0,0,0,0,0,0
FELIX-3885,0,0,0,0,0,0,0,0,0,0
FELIX-3866,0,0,0,0,0,0,0,0,0,0
FELIX-3863,0,0,1,0,0,0,0,0,0,1
FELIX-3818,0,0,0,0,0,0,0,0,0,0
FELIX-3780,0,0,0,0,0,1,1,1,0,3
FELIX-3770,0,0,0,0,0,0,0,0,0,0
FELIX-3769,0,0,1,0,0,1,0,0,0,2
FELIX-3711,0,1,0,1,1,0,0,3,0,6
FELIX-3705,0,0,0,0,0,0,0,0,0,0
FELIX-3699,0,0,1,0,0,0,0,1,0,2
FELIX-3693,0,0,1,0,0,0,0,0,0,1
FELIX-3600,0,0,1,0,0,1,0,0,0,2
FELIX-3544,0,0,0,0,0,1,0,0,0,1
FELIX-3537,0,1,0,0,0,0,0,2,0,3
FELIX-3524,0,0,1,0,0,0,0,0,0,1
FELIX-3507,0,0,1,0,0,0,0,0,0,1
FELIX-3504,0,0,0,0,0,0,0,0,0,0
FELIX-3489,0,0,0,0,0,0,0,0,1,0
FELIX-3462,0,0,0,0,0,0,0,0,0,0
FELIX-3342,0,0,0,0,1,2,0,1,1,4
FELIX-3312,0,0,0,0,0,0,0,0,0,0
FELIX-3295,0,0,1,0,0,0,0,0,0,1
FELIX-3248,0,0,0,0,0,0,0,0,0,0
FELIX-3241,0,0,1,0,0,0,0,0,0,1
FELIX-3237,0,0,2,0,0,0,0,0,0,2
FELIX-3225,0,0,0,0,0,1,0,0,0,1
FELIX-3210,0,0,0,0,0,0,0,0,0,0
FELIX-3208,0,0,0,0,0,1,0,1,0,2
FELIX-3170,0,0,1,0,0,1,0,0,0,2
FELIX-3165,0,0,0,0,0,0,0,2,1,2
FELIX-3156,0,0,0,0,0,0,0,0,0,0
FELIX-3152,0,0,1,0,0,0,0,0,0,1
FELIX-3128,0,0,1,1,0,0,0,0,0,2
FELIX-3124,0,0,0,1,0,1,0,0,0,2
FELIX-3122,0,0,0,0,0,0,0,0,0,0
FELIX-3069,0,0,0,0,0,0,0,1,0,1
FELIX-3066,1,0,0,0,0,0,0,0,0,1
FELIX-3056,0,0,0,0,0,0,0,0,0,0
FELIX-3052,0,0,0,0,0,0,0,1,0,1
FELIX-3045,0,0,1,0,0,0,0,0,0,1
FELIX-3032,0,0,0,0,0,0,0,0,0,0
FELIX-3018,0,0,0,0,0,0,0,1,0,1
FELIX-3011,0,0,0,0,0,0,0,2,1,2
FELIX-3007,0,0,1,0,0,0,0,1,0,2
FELIX-2999,0,0,0,0,0,1,0,3,1,4
FELIX-2991,0,0,0,0,0,0,0,0,1,0
FELIX-2986,0,0,0,0,0,0,0,0,0,0
FELIX-2975,0,0,0,0,0,0,0,0,0,0
FELIX-2973,0,0,0,1,0,1,0,1,0,3
FELIX-2969,0,0,0,0,0,0,0,0,0,0
FELIX-2967,0,0,0,0,0,0,0,0,0,0
FELIX-2961,0,0,0,0,0,1,0,2,0,3
FELIX-2959,0,0,0,0,0,1,0,0,0,1
FELIX-2932,0,0,0,0,0,2,0,0,0,2
FELIX-2920,0,0,0,0,0,0,0,5,1,5
FELIX-2919,0,0,0,0,0,0,0,2,0,2
FELIX-2897,0,0,1,0,0,0,0,0,0,1
FELIX-2896,0,0,1,0,0,0,0,0,0,1
FELIX-2853,0,0,0,0,0,0,0,0,0,0
FELIX-2790,0,0,0,0,0,2,0,1,0,3
FELIX-2767,0,0,1,0,0,0,0,0,0,1
FELIX-2764,0,0,1,0,0,1,0,0,0,2
FELIX-2761,0,0,0,0,0,1,0,0,0,1
FELIX-2743,0,1,0,0,0,0,0,2,0,3
FELIX-2742,0,0,0,0,0,1,0,0,0,1
FELIX-2733,0,0,1,2,0,1,0,2,0,6
FELIX-2730,0,0,0,0,0,0,0,1,0,1
FELIX-2720,0,0,1,0,0,0,0,0,0,1
FELIX-2719,0,0,1,0,0,1,0,0,0,2
FELIX-2712,0,0,1,0,0,0,0,0,0,1
FELIX-2709,0,0,1,0,0,0,0,1,0,2
FELIX-2692,0,0,1,0,0,0,0,0,0,1
FELIX-2679,0,0,1,0,0,0,0,2,0,3
FELIX-2678,0,0,0,0,0,0,0,0,0,0
FELIX-2667,0,0,0,0,0,1,0,0,0,1
FELIX-2649,0,0,0,0,0,1,0,0,1,1
FELIX-2647,0,0,1,0,0,0,0,0,0,1
FELIX-2646,0,0,0,0,0,1,0,3,0,4
FELIX-2642,0,0,1,0,0,0,0,0,0,1
FELIX-2638,0,0,1,0,0,0,0,1,0,2
FELIX-2637,0,0,1,0,0,1,0,0,0,2
FELIX-2625,0,0,0,0,0,0,0,0,0,0
FELIX-2544,0,0,0,0,0,0,0,0,0,0
FELIX-2537,0,0,1,0,0,0,0,0,0,1
FELIX-2530,0,0,1,0,0,0,0,0,0,1
FELIX-2514,0,1,0,0,0,0,0,3,0,4
FELIX-2513,0,1,0,0,0,0,0,0,0,1
FELIX-2461,0,0,0,0,0,1,0,0,0,1
FELIX-2410,0,0,1,0,0,0,0,1,0,2
FELIX-2363,0,0,0,0,0,1,0,0,0,1
FELIX-2322,0,0,1,0,0,1,0,0,0,2
FELIX-2303,0,0,1,0,0,0,0,0,0,1
FELIX-2279,0,0,0,0,0,0,0,0,0,0
FELIX-2209,0,0,0,0,0,0,0,0,0,0
FELIX-2197,0,0,0,0,0,0,0,0,1,0
FELIX-2185,0,0,0,0,0,1,0,1,0,2
FELIX-2174,0,0,0,0,0,0,0,0,0,0
FELIX-2145,0,0,1,0,0,0,0,0,1,1
FELIX-2144,0,0,0,1,0,1,0,0,0,2
FELIX-2132,0,0,0,0,0,1,0,0,0,1
FELIX-2103,0,0,1,0,0,0,0,0,0,1
FELIX-2100,0,0,1,0,0,0,0,0,0,1
FELIX-2051,0,0,0,0,0,0,0,0,0,0
FELIX-2047,0,0,0,0,0,0,0,0,0,0
FELIX-2033,0,0,0,0,0,1,0,1,0,2
FELIX-2020,0,0,0,0,0,0,0,1,0,1
FELIX-1991,0,0,1,0,0,0,0,0,0,1
FELIX-1975,0,0,2,0,0,1,0,0,0,3
FELIX-1974,0,0,1,0,0,0,0,0,0,1
FELIX-1963,0,0,0,0,0,0,0,0,0,0
FELIX-1962,0,0,1,0,0,0,0,0,0,1
FELIX-1959,0,0,0,0,0,1,0,0,0,1
FELIX-1957,1,0,0,0,0,0,0,2,0,3
FELIX-1893,0,0,1,0,0,0,0,0,0,1
FELIX-1891,0,0,1,0,0,1,0,0,0,2
FELIX-1884,0,0,0,0,0,0,0,2,0,2
FELIX-1875,0,0,0,0,0,0,0,0,0,0
FELIX-1853,0,0,1,0,0,1,0,0,0,2
FELIX-1837,0,0,0,0,0,0,0,2,0,2
FELIX-1815,0,0,0,0,0,0,0,0,0,0
FELIX-1808,0,0,0,0,0,1,0,1,0,2
FELIX-1796,0,0,1,0,0,0,0,1,0,2
FELIX-1764,0,0,1,0,0,0,0,0,0,1
FELIX-1696,0,0,1,0,0,0,0,0,0,1
FELIX-1672,0,0,1,0,0,0,0,0,0,1
FELIX-1656,0,0,0,0,0,0,0,0,0,0
FELIX-1644,0,0,0,0,0,0,0,0,0,0
FELIX-1568,0,0,0,0,0,0,0,0,0,0
FELIX-1547,0,0,1,0,0,0,0,0,0,1
FELIX-1546,0,0,1,0,0,0,0,2,0,3
FELIX-1537,0,0,1,0,0,0,0,2,0,3
FELIX-1524,0,1,0,0,0,0,0,0,0,1
FELIX-1522,0,0,0,0,0,0,0,0,0,0
FELIX-1521,0,0,0,0,0,0,0,0,0,0
FELIX-1510,0,0,0,0,0,0,0,2,0,2
FELIX-1485,0,0,0,0,0,0,0,0,0,0
FELIX-1483,0,0,0,0,0,0,0,2,0,2
FELIX-1482,0,0,0,0,0,1,0,0,0,1
FELIX-1478,0,0,0,0,0,0,0,1,0,1
FELIX-1446,0,0,0,0,0,0,0,2,0,2
FELIX-1441,0,0,0,0,0,0,0,0,0,0
FELIX-1409,0,0,0,0,0,0,0,0,0,0
FELIX-1385,0,0,0,0,0,0,0,0,0,0
FELIX-1372,0,0,1,0,0,0,0,2,0,3
FELIX-1358,0,0,1,0,0,1,0,0,0,2
FELIX-1350,0,0,0,0,1,0,0,1,1,2
FELIX-1339,0,0,0,0,0,0,0,2,2,2
FELIX-1338,0,0,0,0,1,2,0,0,3,3
FELIX-1331,0,0,0,0,0,2,0,0,0,2
FELIX-1324,0,0,0,0,0,0,0,1,0,1
FELIX-1323,0,0,0,0,0,0,0,0,0,0
FELIX-1317,0,0,0,0,0,0,0,0,0,0
FELIX-1298,0,0,1,0,0,0,0,0,0,1
FELIX-1297,0,0,1,0,0,0,0,0,0,1
FELIX-1289,0,0,0,0,0,0,0,0,0,0
FELIX-1284,0,0,0,0,0,0,0,0,0,0
FELIX-1261,0,0,1,0,0,0,0,1,0,2
FELIX-1250,0,0,1,0,0,1,0,0,0,2
FELIX-1244,0,0,0,0,0,0,0,0,0,0
FELIX-1234,0,0,0,0,0,1,0,4,0,5
FELIX-1232,0,0,0,0,1,0,0,0,0,1
FELIX-1231,0,0,0,0,0,0,0,0,0,0
FELIX-1229,0,0,0,0,0,0,0,0,0,0
FELIX-1206,0,0,0,0,0,0,0,1,0,1
FELIX-1205,0,1,0,0,0,0,0,0,0,1
FELIX-1193,0,0,0,0,0,0,0,0,0,0
FELIX-1181,0,0,0,0,0,1,0,0,0,1
FELIX-1142,0,0,0,0,0,0,0,0,0,0
FELIX-1111,0,0,0,0,0,0,0,0,0,0
FELIX-1109,0,0,0,0,0,1,0,0,0,1
FELIX-1056,0,0,0,0,0,0,0,0,0,0
FELIX-1052,0,0,0,0,0,0,0,0,0,0
FELIX-1012,0,0,0,0,0,0,0,0,0,0
FELIX-1011,0,0,1,0,0,0,0,0,0,1
FELIX-1010,0,0,1,0,0,0,0,0,0,1
FELIX-1009,0,0,0,0,0,0,0,1,0,1
FELIX-1006,0,0,0,0,0,0,0,0,0,0
FELIX-976,0,0,1,0,0,0,0,0,0,1
FELIX-974,0,0,0,0,0,1,0,0,0,1
FELIX-954,1,0,0,0,0,0,0,2,0,3
FELIX-946,0,0,0,0,0,0,0,0,0,0
FELIX-930,0,0,0,0,0,0,0,0,0,0
FELIX-929,0,0,0,0,0,1,0,0,0,1
FELIX-928,0,0,1,0,0,0,0,0,0,1
FELIX-927,0,0,0,0,0,0,0,0,0,0
FELIX-925,0,0,0,1,0,0,0,0,0,1
FELIX-924,0,0,0,0,0,1,0,0,0,1
FELIX-922,0,0,1,0,0,0,0,2,0,3
FELIX-912,0,0,1,0,0,1,0,1,0,3
FELIX-878,0,0,0,0,0,0,0,0,0,0
FELIX-833,0,0,1,0,0,0,0,0,0,1
FELIX-826,0,0,0,0,0,0,0,1,0,1
FELIX-814,0,0,0,0,0,1,0,0,0,1
FELIX-804,0,0,2,0,0,0,0,0,0,2
FELIX-791,1,0,0,0,0,0,0,0,0,1
FELIX-790,0,0,0,0,0,0,0,0,0,0
FELIX-781,0,0,1,0,0,0,0,0,0,1
FELIX-755,0,0,0,0,0,1,0,0,0,1
FELIX-753,0,0,0,0,0,1,0,0,0,1
FELIX-749,0,0,0,0,0,1,0,0,0,1
FELIX-741,0,0,0,0,0,1,0,3,0,4
FELIX-713,0,0,0,0,0,1,0,1,0,2
FELIX-691,0,0,0,0,0,1,0,0,0,1
FELIX-663,0,0,0,0,0,0,0,0,0,0
FELIX-658,1,0,0,0,1,2,0,0,0,4
FELIX-648,0,0,1,0,0,0,0,1,0,2
FELIX-615,0,0,1,0,0,0,0,1,0,2
FELIX-610,0,0,0,0,0,0,0,0,0,0
FELIX-604,0,0,1,0,0,0,0,1,0,2
FELIX-576,0,0,0,0,0,1,0,0,0,1
FELIX-556,0,0,0,0,0,0,0,0,0,0
FELIX-554,0,0,0,0,0,1,0,0,0,1
FELIX-553,0,0,0,0,0,1,0,0,0,1
FELIX-568,0,0,2,0,0,0,0,0,0,2
FELIX-543,0,0,0,0,0,1,0,1,0,2
FELIX-538,0,0,0,0,0,0,0,1,0,1
FELIX-534,0,0,0,0,0,0,0,0,0,0
FELIX-531,0,0,2,0,0,0,0,1,0,3
FELIX-530,0,0,0,0,0,1,0,0,0,1
FELIX-528,0,0,0,0,0,0,0,0,0,0
FELIX-524,0,0,1,0,0,1,0,0,0,2
FELIX-509,1,0,0,0,0,0,0,1,0,2
FELIX-498,0,0,0,0,0,1,0,0,0,1
FELIX-492,0,0,0,0,0,0,0,0,0,0
FELIX-470,0,0,0,0,0,0,0,0,0,0
FELIX-465,0,0,0,0,0,0,0,0,0,0
FELIX-459,0,0,0,0,0,0,0,0,0,0
FELIX-454,0,0,1,0,0,1,0,0,0,2
FELIX-452,0,0,1,0,0,1,0,0,0,2
FELIX-440,0,0,1,0,0,0,0,0,0,1
FELIX-433,1,0,0,0,0,0,0,3,0,4
FELIX-420,0,0,0,0,0,0,0,0,0,0
FELIX-397,0,0,0,0,0,0,0,0,0,0
FELIX-376,0,0,0,0,0,2,0,0,0,2
FELIX-336,0,0,0,1,0,1,0,0,0,2
FELIX-323,0,0,0,0,0,0,0,0,0,0
FELIX-320,0,0,0,0,0,0,0,0,0,0
FELIX-311,0,0,0,0,0,0,0,0,0,0
FELIX-310,0,0,0,0,0,1,0,0,0,1
FELIX-308,0,0,1,0,0,1,0,0,0,2
FELIX-303,0,0,0,0,0,0,0,0,0,0
FELIX-299,0,0,0,0,0,0,0,0,0,0
FELIX-298,0,0,0,0,0,0,0,0,0,0
FELIX-297,0,0,1,0,0,0,0,0,0,1
FELIX-296,0,0,1,0,0,0,0,0,0,1
FELIX-295,0,0,0,0,0,0,0,0,0,0
FELIX-294,0,0,1,0,0,0,0,0,0,1
FELIX-284,0,0,1,0,0,0,0,0,0,1
FELIX-274,0,0,0,0,0,0,0,0,0,0
FELIX-266,0,0,0,0,0,0,0,0,0,0
FELIX-257,0,0,1,1,0,0,0,0,0,2
FELIX-255,0,0,1,0,0,0,0,0,0,1
FELIX-251,0,0,0,0,0,1,0,0,0,1
FELIX-247,0,0,1,1,0,0,0,0,1,2
FELIX-246,0,0,0,0,0,0,0,0,0,0
FELIX-245,0,0,0,0,0,0,0,0,0,0
FELIX-241,0,0,1,0,0,0,0,0,0,1
FELIX-240,0,0,0,0,0,0,0,0,0,0
FELIX-239,0,0,0,0,0,1,0,0,0,1
FELIX-238,0,0,0,0,0,0,0,0,0,0
FELIX-237,0,0,0,0,0,0,0,0,0,0
FELIX-236,0,0,0,0,0,0,0,0,0,0
FELIX-235,0,0,0,0,0,0,0,0,0,0
FELIX-234,0,0,0,0,0,0,0,0,0,0
FELIX-233,0,0,0,0,0,0,0,0,0,0
FELIX-232,0,0,0,0,0,0,0,0,0,0
FELIX-231,0,0,0,0,0,0,0,0,0,0
FELIX-230,0,0,0,0,0,0,0,0,0,0
FELIX-229,0,0,0,0,0,0,0,0,0,0
FELIX-228,0,0,0,0,0,1,0,0,0,1
FELIX-226,0,0,0,0,0,1,0,0,0,1
FELIX-225,0,0,0,0,0,0,0,0,0,0
FELIX-224,0,0,0,0,0,0,0,0,0,0
FELIX-223,0,0,0,0,0,0,0,0,0,0
FELIX-219,0,0,1,0,0,0,0,0,0,1
FELIX-217,0,0,0,0,0,0,0,0,0,0
FELIX-216,0,0,1,0,0,0,0,0,0,1
FELIX-213,0,0,0,0,0,0,0,0,0,0
FELIX-212,0,0,0,0,0,1,0,0,0,1
FELIX-211,0,0,0,0,0,1,0,0,0,1
FELIX-210,0,0,0,0,0,0,0,0,0,0
FELIX-209,0,0,0,0,0,0,0,0,0,0
FELIX-208,0,0,1,0,0,0,0,0,0,1
FELIX-207,0,0,0,0,0,0,0,0,0,0
FELIX-206,0,0,1,0,0,0,0,0,0,1
FELIX-205,0,0,0,0,0,0,0,0,0,0
FELIX-204,0,0,0,0,0,1,0,0,0,1
FELIX-200,0,0,0,1,0,0,0,2,0,3
FELIX-199,0,0,0,0,0,0,0,1,0,1
FELIX-191,0,0,0,0,0,0,0,1,0,1
FELIX-183,0,0,0,0,0,0,0,0,0,0
FELIX-182,0,0,0,0,0,0,0,0,0,0
FELIX-181,0,0,1,0,0,0,0,0,0,1
FELIX-180,0,0,0,0,0,0,0,0,0,0
FELIX-179,0,0,0,0,0,0,0,0,0,0
FELIX-178,0,0,0,0,0,0,0,3,0,3
FELIX-167,0,0,0,0,0,0,0,0,0,0
FELIX-166,0,0,1,0,0,0,0,0,0,1
FELIX-158,0,0,0,0,0,0,0,0,0,0
FELIX-153,0,0,0,0,0,1,0,1,0,2
FELIX-139,0,0,1,1,0,0,0,0,0,2
FELIX-136,0,0,1,0,0,1,0,0,0,2
FELIX-135,0,0,0,0,0,0,0,0,0,0
FELIX-134,0,0,0,0,0,0,0,0,0,0
FELIX-133,0,0,1,0,0,0,0,0,0,1
FELIX-116,0,0,1,0,0,0,0,0,0,1
FELIX-115,0,0,1,0,0,0,0,0,0,1
FELIX-110,0,0,1,0,0,3,0,0,0,4
FELIX-102,0,0,1,0,0,0,0,0,0,1
FELIX-101,0,1,0,0,0,1,0,1,0,3
FELIX-92,0,0,1,0,0,0,0,0,0,1
FELIX-86,0,0,0,0,0,1,0,0,0,1
FELIX-74,0,0,1,0,0,0,0,0,0,1
FELIX-64,0,0,0,0,0,0,0,0,0,0
FELIX-58,0,0,0,0,0,0,0,0,0,0
FELIX-56,0,0,0,0,0,1,0,0,0,1
FELIX-49,0,0,1,0,0,0,0,0,0,1
FELIX-42,0,0,1,0,0,1,0,0,0,2
FELIX-35,0,0,0,0,0,0,0,0,0,0
FELIX-34,0,0,1,0,0,0,0,0,0,1
FELIX-33,0,0,1,0,0,0,0,0,0,1
FELIX-32,0,0,0,0,0,2,0,1,0,3
FELIX-31,0,0,1,0,0,0,0,0,0,1
FELIX-30,0,0,0,0,0,0,0,0,0,0
FELIX-29,0,0,1,0,0,0,0,0,0,1
FELIX-28,0,0,0,0,0,0,0,0,0,0
FELIX-27,0,0,1,0,0,1,0,0,0,2
FELIX-25,0,0,1,0,0,0,0,0,0,1
FELIX-24,0,0,1,0,0,0,0,0,0,1
FELIX-23,0,0,0,0,0,2,0,0,0,2
FELIX-22,0,0,0,0,0,0,0,0,0,0
FELIX-20,0,0,1,0,0,0,0,0,0,1
FELIX-19,0,0,1,0,0,0,0,0,0,1
FELIX-18,0,0,1,0,0,0,0,0,0,1
FELIX-17,0,0,1,0,0,0,0,0,0,1
FELIX-16,0,0,1,0,0,0,0,0,0,1
FELIX-15,0,0,1,0,0,0,0,0,0,1
FELIX-14,0,0,0,0,0,0,0,0,0,0
FELIX-13,0,0,1,0,0,0,0,0,0,1
FELIX-12,0,0,1,0,0,0,0,0,0,1
FELIX-11,0,0,1,0,0,0,0,0,0,1
FELIX-10,0,0,0,0,0,0,0,0,0,0
FELIX-9,0,0,1,0,0,0,0,0,0,1
FELIX-8,0,0,1,0,0,0,0,0,0,1
FILEUPLOAD-148,0,0,0,0,0,0,0,0,0,0
FILEUPLOAD-119,0,0,0,0,0,2,0,0,0,2
FILEUPLOAD-112,0,0,0,0,0,0,0,0,0,0
HTTPCLIENT-1951,0,0,1,0,0,0,0,0,0,1
HTTPCLIENT-1937,0,0,1,0,0,0,0,0,0,1
HTTPCLIENT-1916,0,0,0,0,0,0,0,0,0,0
HTTPCLIENT-1874,0,0,0,0,0,1,0,0,0,1
HTTPCLIENT-1872,0,0,0,0,0,0,0,1,0,1
HTTPCLIENT-1852,0,0,0,0,0,0,0,1,0,1
HTTPCLIENT-1846,0,0,1,0,0,1,0,0,0,2
HTTPCLIENT-1843,0,0,1,0,0,0,0,0,0,1
HTTPCLIENT-1817,0,0,1,0,0,1,0,1,0,3
HTTPCLIENT-1820,0,0,0,0,0,1,0,0,0,1
HTTPCLIENT-1818,0,0,1,0,0,0,0,0,0,1
HTTPCLIENT-1752,0,0,0,0,0,0,0,0,0,0
HTTPCLIENT-1750,0,0,0,0,0,0,0,0,0,0
HTTPCLIENT-1714,0,0,0,0,0,0,0,1,0,1
HTTPCLIENT-1592,0,0,0,0,0,0,0,0,0,0
HTTPCLIENT-1505,0,0,0,0,0,0,0,0,0,0
HTTPCLIENT-1493,0,0,0,0,0,0,0,0,0,0
HTTPCLIENT-1480,0,0,0,0,0,0,0,0,0,0
HTTPCLIENT-1475,0,0,0,0,0,0,0,2,0,2
HTTPCLIENT-1469,1,0,0,0,1,0,0,0,0,2
HTTPCLIENT-1404,0,0,1,0,0,0,0,0,0,1
HTTPCLIENT-1401,0,0,0,1,0,0,0,0,0,1
HTTPCLIENT-1394,0,0,1,0,0,0,0,1,0,2
HTTPCLIENT-1261,0,0,0,0,0,0,0,0,0,0
HTTPCLIENT-1246,0,0,0,0,0,0,0,0,0,0
HTTPCLIENT-1239,0,0,0,0,0,0,0,0,0,0
HTTPCLIENT-1819,0,0,0,0,0,0,0,2,0,2
HTTPCLIENT-1222,0,0,0,0,0,0,0,0,0,0
HTTPCLIENT-1191,0,0,0,0,0,0,0,0,0,0
HTTPCLIENT-1182,0,0,0,0,0,1,0,0,0,1
HTTPCLIENT-1132,0,0,0,0,0,0,0,0,0,0
HTTPCLIENT-1123,0,0,0,1,0,0,0,0,0,1
HTTPCLIENT-1109,0,0,0,0,0,0,0,0,0,0
HTTPCLIENT-1101,0,0,0,0,0,0,0,0,0,0
HTTPCLIENT-1076,0,0,0,0,0,0,0,0,0,0
HTTPCLIENT-1074,0,0,1,0,0,0,0,0,0,1
HTTPCLIENT-1059,0,0,0,0,0,1,0,0,1,1
HTTPCLIENT-1030,0,0,0,0,0,0,0,0,0,0
HTTPCLIENT-1025,0,0,0,0,0,0,0,1,0,1
HTTPCLIENT-1019,0,0,0,0,0,1,0,0,2,1
HTTPCLIENT-1018,0,0,1,0,0,0,0,0,0,1
HTTPCLIENT-1014,0,0,0,0,0,0,0,0,0,0
HTTPCLIENT-1010,0,0,0,0,0,0,0,1,1,1
HTTPCLIENT-982,0,0,0,0,1,0,0,3,1,4
HTTPCLIENT-978,0,0,0,0,0,1,0,0,0,1
HTTPCLIENT-977,0,0,0,0,0,1,0,0,0,1
HTTPCLIENT-975,0,0,0,0,0,1,0,0,0,1
HTTPCLIENT-973,0,0,0,0,0,0,0,0,0,0
HTTPCLIENT-926,0,0,1,0,0,0,0,0,0,1
HTTPCLIENT-915,0,0,0,0,0,1,0,0,0,1
HTTPCLIENT-851,0,0,0,0,0,0,0,0,0,0
HTTPCLIENT-836,0,0,1,0,0,0,0,0,0,1
HTTPCLIENT-834,0,0,1,0,0,0,0,1,0,2
HTTPCLIENT-816,0,0,0,0,0,0,0,2,0,2
HTTPCLIENT-812,0,0,0,0,0,0,0,3,0,3
HTTPCLIENT-807,0,0,0,0,0,0,0,0,0,0
HTTPCLIENT-788,0,0,1,0,0,0,0,0,0,1
HTTPCLIENT-761,0,0,0,0,0,0,0,0,0,0
HTTPCLIENT-751,0,0,0,0,0,0,0,0,0,0
HTTPCLIENT-750,0,0,0,0,0,0,0,0,0,0
HTTPCLIENT-733,0,0,0,0,0,1,0,0,0,1
HTTPCLIENT-728,0,0,0,0,0,0,0,0,0,0
HTTPCLIENT-723,0,0,0,0,0,0,0,0,0,0
HTTPCLIENT-720,0,0,1,0,0,0,0,0,0,1
HTTPCLIENT-670,0,0,0,0,0,0,0,0,0,0
HTTPCLIENT-656,0,0,0,0,0,0,0,0,0,0
HTTPCLIENT-649,0,0,0,0,0,0,0,0,0,0
HTTPCLIENT-601,0,0,1,0,0,1,0,0,0,2
HTTPCLIENT-245,0,0,0,0,0,1,0,0,0,1
HTTPCORE-570,0,0,0,0,0,0,0,0,0,0
HTTPCORE-569,0,0,0,0,0,0,0,0,0,0
HTTPCORE-563,0,0,1,0,0,0,0,0,0,1
HTTPCORE-549,0,0,1,0,0,0,0,0,0,1
HTTPCORE-548,0,0,0,0,0,1,0,0,0,1
HTTPCORE-547,0,0,0,0,0,0,0,1,0,1
HTTPCORE-546,0,0,0,0,0,0,0,1,0,1
HTTPCORE-545,0,0,0,0,0,0,0,1,0,1
HTTPCORE-544,0,0,0,0,0,0,0,0,0,0
HTTPCORE-503,0,0,0,0,0,0,0,0,1,0
HTTPCORE-502,0,0,0,0,0,0,0,0,1,0
HTTPCORE-497,0,0,1,0,0,0,0,0,0,1
HTTPCORE-479,0,0,0,0,0,0,0,0,0,0
HTTPCORE-478,0,0,0,0,0,0,0,0,0,0
HTTPCORE-471,0,0,0,0,0,0,0,1,0,1
HTTPCORE-454,0,0,0,0,0,0,0,0,1,0
HTTPCORE-452,0,0,0,0,0,0,0,0,0,0
HTTPCORE-450,0,0,0,0,0,0,0,0,0,0
HTTPCORE-424,0,1,0,0,0,0,1,1,0,3
HTTPCORE-412,0,0,0,0,0,0,0,0,0,0
HTTPCORE-407,0,0,0,0,0,0,0,1,0,1
HTTPCORE-432,0,0,0,0,0,0,0,0,0,0
HTTPCORE-380,0,0,0,0,0,0,0,0,0,0
HTTPCORE-365,0,0,0,0,0,0,0,3,0,3
HTTPCORE-341,0,0,0,0,0,0,0,0,1,0
HTTPCORE-340,0,0,0,0,0,0,0,0,0,0
HTTPCORE-311,0,0,1,0,0,0,0,0,0,1
HTTPCORE-232,0,0,1,0,0,0,0,0,1,1
HTTPCORE-230,0,0,0,0,0,0,0,0,0,0
HTTPCORE-183,0,0,0,0,0,1,0,0,0,1
HTTPCORE-150,0,0,0,0,0,0,0,0,0,0
HTTPCORE-148,0,0,0,0,0,0,0,0,0,0
HTTPCORE-131,0,0,0,0,0,0,0,0,0,0
HTTPCORE-125,0,0,1,0,0,0,0,0,0,1
HTTPCORE-111,0,0,0,0,0,0,0,0,0,0
HTTPCORE-68,0,0,0,0,0,0,0,0,0,0
HTTPCORE-34,0,0,0,0,0,0,0,1,0,1
HTTPCORE-32,0,0,0,0,0,0,0,0,0,0
HTTPCORE-19,0,0,0,0,0,1,0,0,3,1
HTTPCORE-18,0,1,0,1,0,2,0,0,1,4
HTTPCORE-17,0,0,0,0,0,1,0,3,6,4
HTTPCORE-15,0,0,0,0,0,1,0,0,0,1
HTTPCORE-4,0,0,0,0,0,0,0,0,0,0
IO-608,0,0,0,0,0,0,0,0,0,0
IO-607,0,0,0,0,0,0,0,0,0,0
IO-596,0,1,2,0,0,1,0,2,0,6
IO-595,0,0,0,0,0,0,0,0,0,0
IO-583,0,0,1,0,0,0,0,0,0,1
IO-577,0,0,0,0,0,0,0,0,0,0
IO-574,0,0,0,0,0,0,0,0,0,0
IO-566,0,0,0,0,0,0,0,0,0,0
IO-548,0,0,0,0,0,0,0,0,0,0
IO-539,0,0,0,0,0,1,0,0,0,1
IO-538,0,0,0,0,0,0,0,0,0,0
IO-533,0,0,0,0,0,0,0,0,0,0
IO-532,0,1,0,0,0,0,0,0,0,1
IO-529,0,0,0,0,0,1,0,0,0,1
IO-527,0,0,1,0,0,0,0,0,0,1
IO-521,0,0,0,0,0,0,0,0,0,0
IO-519,0,0,0,0,0,0,0,0,0,0
IO-518,0,0,0,0,0,0,0,0,0,0
IO-513,0,0,1,0,0,0,0,0,0,1
IO-510,0,0,0,0,0,0,0,0,0,0
IO-507,0,0,0,0,0,0,0,0,0,0
IO-493,0,0,0,0,0,0,0,0,0,0
IO-464,0,0,0,0,0,1,0,0,0,1
IO-459,0,0,0,0,0,0,0,0,0,0
IO-457,0,0,0,0,0,0,0,0,0,0
IO-454,0,0,0,0,0,0,0,0,0,0
IO-446,0,0,0,0,0,0,0,0,0,0
IO-434,0,0,0,0,0,0,0,0,0,0
IO-432,0,0,0,0,0,0,0,0,0,0
IO-431,0,0,0,0,0,1,0,0,0,1
IO-427,0,0,1,0,0,0,0,0,0,1
IO-426,0,0,0,0,0,0,0,1,0,1
IO-425,0,0,0,0,0,0,0,0,0,0
IO-419,0,0,1,0,0,0,0,0,1,1
IO-412,0,0,0,0,0,0,0,0,0,0
IO-394,0,0,0,0,0,0,0,0,0,0
IO-393,0,0,0,0,0,0,0,0,0,0
IO-392,0,0,0,0,0,0,0,0,0,0
IO-387,0,0,0,0,0,1,0,0,0,1
IO-385,0,0,0,0,0,0,0,1,0,1
IO-384,0,0,1,0,0,0,0,2,1,3
IO-400,0,0,0,0,0,1,0,0,0,1
IO-382,0,0,0,0,0,0,0,0,0,0
IO-381,0,0,0,0,0,0,0,0,0,0
IO-376,0,0,0,0,0,0,0,0,0,0
IO-367,0,0,0,0,0,0,0,0,0,0
IO-366,0,0,1,0,0,0,0,0,0,1
IO-360,0,0,0,0,0,0,0,0,0,0
IO-359,0,0,0,0,0,0,0,1,0,1
IO-358,0,0,0,0,0,0,0,1,0,1
IO-340,0,0,0,0,0,0,1,8,1,9
IO-337,0,0,0,0,0,0,0,2,0,2
IO-330,0,0,0,0,0,0,0,1,0,1
IO-327,0,0,0,0,0,0,0,1,0,1
IO-326,0,0,0,0,0,0,0,1,0,1
IO-325,0,0,0,0,0,0,0,0,0,0
IO-324,0,0,2,0,0,1,0,0,1,3
IO-322,0,0,0,0,0,0,0,0,0,0
IO-318,0,0,2,0,0,0,0,0,1,2
IO-316,0,0,0,0,0,0,0,0,0,0
IO-315,0,0,0,0,0,1,0,1,0,2
IO-313,0,0,0,0,0,0,0,1,0,1
IO-310,0,0,0,0,0,0,0,0,0,0
IO-309,0,0,0,0,0,0,0,0,0,0
IO-308,0,0,0,0,0,1,0,0,0,1
IO-305,0,0,0,0,0,0,0,0,1,0
IO-294,0,0,0,0,0,1,0,1,0,2
IO-291,0,0,0,0,0,0,0,0,0,0
IO-290,0,0,0,0,0,0,0,1,0,1
IO-288,0,0,0,0,0,0,0,0,0,0
IO-286,0,0,0,0,0,1,0,0,0,1
IO-284,0,0,1,0,0,0,0,0,0,1
IO-282,0,0,1,0,0,0,0,1,0,2
IO-275,0,0,0,0,0,0,0,0,0,0
IO-267,0,0,1,0,0,0,0,0,1,1
IO-256,0,0,0,0,0,0,0,0,0,0
IO-255,0,0,0,0,0,1,0,2,0,3
IO-250,0,0,1,0,0,0,0,1,0,2
IO-244,0,0,0,0,0,0,0,0,0,0
IO-242,0,0,0,0,0,0,0,1,0,1
IO-222,0,0,1,2,0,3,0,0,0,6
IO-221,0,0,0,0,0,0,0,0,0,0
IO-211,0,0,0,0,0,0,0,0,0,0
IO-210,0,0,0,0,0,0,0,0,0,0
IO-203,0,0,0,0,0,0,0,0,0,0
IO-200,0,0,0,0,0,0,0,0,0,0
IO-199,0,0,0,0,0,0,0,0,0,0
IO-198,0,0,0,0,0,0,0,0,0,0
IO-197,0,0,0,0,0,0,0,0,0,0
IO-193,0,0,0,1,0,0,0,0,0,1
IO-192,0,0,0,1,0,0,0,0,0,1
IO-186,0,0,1,0,0,1,0,0,0,2
IO-182,0,0,0,0,0,1,0,0,0,1
IO-178,1,0,1,0,0,1,0,0,0,3
IO-177,0,0,1,0,0,0,0,0,0,1
IO-172,1,0,1,0,0,1,0,1,0,4
IO-169,0,0,0,0,0,0,0,0,0,0
IO-162,0,0,0,0,0,0,0,3,0,3
IO-156,0,0,0,0,0,0,0,0,0,0
IO-153,0,0,0,0,0,1,0,0,1,1
IO-152,0,0,0,0,0,0,0,1,0,1
IO-150,0,0,0,0,0,0,0,0,0,0
IO-148,0,0,0,0,0,0,0,0,1,0
IO-145,0,0,1,0,0,1,0,0,0,2
IO-142,0,0,0,0,0,1,0,1,0,2
IO-139,0,0,1,0,0,1,0,0,0,2
IO-138,0,0,1,0,0,1,0,0,0,2
IO-137,0,0,0,0,0,2,0,1,0,3
IO-132,0,0,1,0,0,0,0,1,0,2
IO-129,0,0,0,0,0,0,0,0,0,0
IO-122,0,0,0,0,0,2,0,0,0,2
IO-107,0,0,0,0,0,0,0,0,0,0
IO-106,0,0,0,0,0,0,0,0,0,0
IO-95,0,0,1,0,0,1,0,0,0,2
IO-94,0,0,1,0,0,1,0,0,0,2
IO-92,0,0,0,0,0,0,0,0,0,0
IO-88,0,0,0,0,0,1,0,0,0,1
IO-87,0,0,1,0,0,0,0,0,0,1
IO-86,0,0,0,0,0,0,0,0,0,0
IO-85,0,0,0,0,0,1,0,1,0,2
IO-51,0,0,0,1,0,0,0,0,0,1
JELLY-294,0,0,0,0,0,0,0,0,0,0
JELLY-281,0,0,1,0,0,1,0,0,0,2
JELLY-229,0,0,0,0,0,2,0,0,0,2
JELLY-225,0,0,0,0,0,0,0,0,0,0
JELLY-222,0,0,0,0,0,0,0,0,0,0
JELLY-195,0,0,1,0,0,0,0,0,0,1
JELLY-194,0,0,0,0,0,0,0,0,1,0
JELLY-192,0,0,1,0,0,0,0,0,0,1
JELLY-190,0,0,0,0,0,1,0,0,0,1
JELLY-183,0,0,1,0,0,0,0,0,0,1
JELLY-182,0,0,0,0,0,0,0,0,0,0
JELLY-181,0,0,1,0,0,0,0,0,0,1
JELLY-179,0,0,1,0,0,2,0,1,0,4
JELLY-178,0,0,1,0,0,0,0,2,0,3
JELLY-176,0,0,0,0,0,0,0,2,0,2
JELLY-173,0,0,0,0,0,0,0,0,0,0
JELLY-164,0,0,0,0,0,1,0,0,0,1
JELLY-157,0,0,0,0,0,0,0,0,1,0
JELLY-143,0,0,1,0,0,0,0,0,0,1
JELLY-118,0,0,0,0,0,0,0,2,0,2
JELLY-116,0,0,0,0,0,1,0,2,0,3
JELLY-93,0,0,0,0,0,0,0,0,0,0
JELLY-92,0,0,0,0,0,1,0,0,0,1
JELLY-89,0,0,0,0,0,0,0,0,0,0
JELLY-82,0,0,1,0,0,0,0,0,0,1
JELLY-65,0,0,0,0,0,0,0,0,0,0
JELLY-60,0,0,0,1,0,0,0,1,0,2
JELLY-59,0,0,0,0,0,0,0,0,0,0
JELLY-49,0,0,1,0,0,0,0,0,0,1
JELLY-48,0,0,1,0,0,0,0,0,0,1
JELLY-42,0,0,0,0,0,0,0,0,0,0
JELLY-39,0,0,0,0,0,0,0,0,0,0
JELLY-38,0,0,0,0,0,0,0,0,0,0
JELLY-37,0,0,0,0,0,1,0,0,0,1
JELLY-36,0,0,0,0,0,0,0,0,0,0
JELLY-35,0,0,1,0,0,0,0,0,0,1
JELLY-34,0,0,1,0,0,0,0,0,0,1
JELLY-33,0,0,0,0,0,0,0,0,0,0
JELLY-32,0,0,0,0,0,0,0,0,0,0
JELLY-31,0,0,0,0,0,0,0,0,0,0
JELLY-30,0,0,0,0,0,0,0,0,0,0
JELLY-29,0,0,1,0,0,0,0,0,0,1
JELLY-20,0,0,0,0,0,0,0,0,1,0
JELLY-1,0,0,0,0,0,0,0,0,0,0
JEXL-297,0,0,0,0,0,0,0,0,0,0
JEXL-295,0,0,0,0,0,0,0,0,0,0
JEXL-292,0,0,1,0,0,0,0,2,0,3
JEXL-284,0,0,0,0,0,0,0,0,0,0
JEXL-269,0,0,0,0,0,0,0,0,0,0
JEXL-268,0,0,0,0,0,0,0,0,0,0
JEXL-266,0,0,0,0,0,0,0,0,0,0
JEXL-262,0,0,1,0,0,0,0,0,0,1
JEXL-253,0,0,0,0,0,0,0,0,0,0
JEXL-252,0,0,1,0,0,0,0,1,0,2
JEXL-251,0,0,0,0,0,0,0,0,0,0
JEXL-250,0,0,0,0,0,0,0,0,0,0
JEXL-249,1,0,0,0,0,0,0,1,0,2
JEXL-229,0,0,0,0,0,0,0,0,0,0
JEXL-226,0,0,0,0,0,0,0,0,0,0
JEXL-210,0,0,0,0,0,1,0,0,0,1
JEXL-200,0,0,0,0,0,0,0,0,0,0
JEXL-185,0,0,0,0,0,1,0,0,0,1
JEXL-177,0,0,0,0,0,0,0,1,0,1
JEXL-175,0,0,1,0,0,1,0,0,0,2
JEXL-174,0,0,1,0,0,0,0,0,0,1
JEXL-173,0,0,0,0,0,0,0,0,0,0
JEXL-151,0,0,0,0,0,0,0,0,0,0
JEXL-149,0,0,0,0,0,1,0,0,0,1
JEXL-139,0,0,0,1,0,0,0,0,0,1
JEXL-118,0,0,0,0,0,0,0,0,0,0
JEXL-116,0,0,0,0,0,0,0,0,0,0
JEXL-115,0,0,0,0,0,2,0,0,0,2
JEXL-114,0,0,0,0,0,0,0,0,0,0
JEXL-106,0,0,0,0,0,2,0,0,1,2
JEXL-102,0,0,0,0,0,0,0,0,0,0
JEXL-79,0,0,0,0,0,0,0,0,0,0
JEXL-70,0,0,0,0,0,0,0,2,0,2
JEXL-65,0,0,0,0,0,0,0,0,0,0
JEXL-63,0,0,0,0,0,0,0,0,0,0
JEXL-58,0,0,0,0,0,0,0,0,0,0
JEXL-47,0,0,0,0,0,0,0,0,0,0
JEXL-46,0,0,0,0,0,1,0,0,0,1
JEXL-39,0,0,1,0,0,0,0,0,0,1
JEXL-25,0,0,0,0,0,0,0,0,0,0
JEXL-21,0,0,1,0,0,1,0,0,0,2
JXPATH-112,0,0,0,0,0,0,0,0,0,0
JXPATH-96,0,0,1,0,0,0,0,0,0,1
JXPATH-78,0,0,0,0,0,0,0,0,0,0
NET-665,0,0,0,0,0,0,0,0,0,0
NET-657,0,0,0,0,0,0,0,0,0,0
NET-649,0,0,1,0,0,0,0,0,0,1
NET-634,0,0,1,0,0,0,0,0,0,1
NET-576,0,0,0,0,1,0,0,1,0,2
NET-575,0,0,0,0,0,1,0,2,0,3
NET-565,0,0,1,0,0,0,0,0,0,1
NET-536,0,0,1,0,0,0,0,0,0,1
NET-535,0,0,0,0,0,0,0,1,0,1
NET-471,0,0,1,0,0,0,0,0,0,1
NET-464,0,0,0,1,1,0,0,2,0,4
NET-436,0,0,0,0,0,0,0,0,0,0
NET-379,0,0,0,0,0,1,1,2,1,4
NET-378,0,0,0,1,0,1,0,2,0,4
NET-371,0,0,0,0,0,0,0,1,0,1
NET-370,0,0,1,0,0,0,0,0,0,1
NET-368,0,0,0,0,0,0,0,2,0,2
NET-361,0,0,1,0,0,0,0,0,0,1
NET-357,0,0,1,0,1,0,0,1,0,3
NET-356,0,0,1,0,1,0,0,1,0,3
NET-353,0,0,0,0,1,0,0,0,0,1
NET-352,0,0,1,0,0,0,0,0,0,1
NET-344,0,0,1,0,0,0,0,0,0,1
NET-343,0,0,1,0,0,0,0,0,0,1
NET-337,0,0,1,0,0,0,0,0,0,1
NET-332,0,0,1,0,0,0,0,3,0,4
NET-285,0,0,0,1,0,0,0,2,0,3
NET-281,0,0,1,0,0,0,0,0,0,1
NET-267,0,0,0,0,0,1,0,0,0,1
NET-244,0,0,0,0,0,0,0,1,0,1
NET-237,0,0,0,0,0,2,0,0,0,2
NET-229,0,0,1,0,0,1,0,0,0,2
NET-189,0,0,1,0,0,0,0,0,0,1
NET-187,0,0,0,0,0,0,0,0,0,0
NET-163,0,0,0,0,0,1,0,0,0,1
NET-156,0,0,1,0,0,0,0,1,0,2
OGNL-189,0,0,0,0,0,1,0,1,1,2
OGNL-191,0,0,0,0,0,1,0,0,0,1
OGNL-190,0,0,1,0,0,0,0,0,0,1
OGNL-188,0,0,0,0,0,1,0,1,0,2
OGNL-145,0,0,0,0,0,0,0,1,0,1
OGNL-7,0,0,0,0,0,0,0,1,0,1
OGNL-1,0,0,1,0,0,2,0,0,0,3
SANTUARIO-492,0,0,1,0,0,0,0,0,0,1
SANTUARIO-458,0,0,1,2,0,3,0,1,0,7
SANTUARIO-453,0,0,1,0,0,1,0,0,0,2
SANTUARIO-452,0,0,1,0,0,0,0,0,0,1
SANTUARIO-417,0,0,0,0,0,1,0,0,0,1
SSHD-900,0,0,0,0,0,1,0,0,0,1
SSHD-850,0,0,0,0,0,1,0,2,0,3
SSHD-837,0,0,1,0,0,0,0,0,0,1
SSHD-821,0,0,0,0,0,0,0,0,0,0
SSHD-817,0,0,0,0,0,0,0,1,1,1
SSHD-815,0,0,1,0,0,0,0,0,1,1
SSHD-812,0,0,0,0,0,0,0,0,0,0
SSHD-806,0,0,1,0,0,0,0,0,1,1
SSHD-805,0,0,0,0,0,0,0,0,0,0
SSHD-791,0,0,0,0,0,0,0,0,0,0
SSHD-790,0,0,0,0,1,1,0,0,0,2
SSHD-787,0,0,1,0,0,0,0,2,0,3
SSHD-768,0,0,0,0,0,1,0,0,0,1
SSHD-767,0,0,1,0,0,0,0,0,0,1
SSHD-757,0,0,0,0,0,0,0,0,0,0
SSHD-756,0,0,1,0,0,0,0,1,0,2
SSHD-750,0,0,0,0,0,0,0,0,0,0
SSHD-746,0,0,1,0,1,0,0,1,0,3
SSHD-745,0,0,0,0,0,0,0,0,0,0
SSHD-741,0,0,1,0,0,1,0,0,0,2
SSHD-729,0,0,0,0,0,0,0,0,0,0
SSHD-710,0,0,1,0,0,0,0,1,0,2
SSHD-700,0,0,0,0,1,1,0,0,0,2
SSHD-693,0,0,0,0,0,1,0,0,0,1
SSHD-685,0,0,0,0,0,0,0,0,0,0
SSHD-657,0,0,0,0,0,1,0,0,0,1
SSHD-656,0,0,0,0,0,0,0,0,0,0
SSHD-594,0,0,0,0,0,0,0,0,0,0
SSHD-593,0,0,0,0,0,0,0,0,0,0
SSHD-559,0,0,0,0,0,0,0,0,0,0
SSHD-550,0,0,0,0,0,0,0,0,0,0
SSHD-440,0,0,1,1,0,0,0,0,0,2
SSHD-408,0,0,0,0,0,0,0,0,0,0
SSHD-392,0,0,0,0,0,0,0,0,0,0
SSHD-390,0,0,0,0,0,1,0,0,1,1
SSHD-383,0,0,0,0,0,1,0,0,0,1
SSHD-382,0,0,0,0,0,0,0,1,0,1
SSHD-379,0,0,0,0,0,0,0,0,0,0
SSHD-378,0,0,0,0,0,0,0,0,0,0
SSHD-377,0,0,0,0,0,1,0,0,0,1
SSHD-371,0,0,0,0,0,0,0,0,0,0
SSHD-358,0,0,0,0,0,0,0,2,1,2
SSHD-341,0,0,1,0,0,1,0,0,0,2
SSHD-327,0,0,0,0,0,0,0,1,0,1
SSHD-312,0,0,0,0,0,0,0,0,0,0
SSHD-287,0,0,1,0,0,0,0,0,0,1
SSHD-283,0,0,0,0,0,0,0,0,0,0
SSHD-277,0,0,1,0,0,0,0,0,0,1
SSHD-273,0,0,0,0,0,0,0,0,0,0
SSHD-272,0,0,0,0,0,0,0,0,0,0
SSHD-266,0,0,0,0,0,0,0,0,0,0
SSHD-265,1,0,0,0,0,0,0,3,1,4
SSHD-245,0,0,1,0,0,0,0,0,0,1
SSHD-244,0,0,0,0,0,0,0,0,0,0
SSHD-241,0,0,1,0,0,0,0,1,0,2
SSHD-239,0,0,0,0,0,0,0,0,0,0
SSHD-235,0,0,1,0,0,0,0,0,0,1
SSHD-234,0,0,0,0,0,0,0,0,0,0
SSHD-195,1,0,0,0,0,0,0,1,0,2
SSHD-187,0,0,0,0,0,0,0,1,0,1
SSHD-185,0,0,1,0,0,0,0,0,0,1
SSHD-175,0,0,0,0,0,1,0,0,0,1
SSHD-173,0,0,1,0,0,0,0,0,0,1
SSHD-165,0,0,0,2,0,1,0,0,0,3
SSHD-161,1,0,0,0,0,0,0,1,3,2
SSHD-150,0,0,0,0,0,0,0,0,0,0
SSHD-92,0,0,1,0,0,0,0,0,0,1
SSHD-90,0,0,1,0,0,0,0,0,0,1
SSHD-81,0,0,0,0,0,1,0,0,0,1
SSHD-60,0,0,1,0,0,1,0,1,0,3
SSHD-55,0,0,0,0,0,0,0,0,0,0
SSHD-45,0,0,1,0,0,1,0,1,0,3
SSHD-40,0,0,0,0,0,1,0,1,0,2
SSHD-27,0,0,1,0,0,0,0,0,0,1
SSHD-26,0,1,0,0,0,0,0,0,0,1
SSHD-25,0,0,0,0,0,0,0,0,0,0
SSHD-11,0,0,0,0,0,0,0,0,0,0
SSHD-8,0,0,0,0,0,1,0,0,0,1
SSHD-5,0,0,0,0,0,1,0,1,0,2
SSHD-2,0,0,0,0,0,1,0,0,0,1
VALIDATOR-456,0,0,0,1,0,0,0,0,0,1
VALIDATOR-423,0,0,0,0,0,0,0,0,0,0
VALIDATOR-415,0,0,0,0,0,1,0,0,0,1
VALIDATOR-402,0,0,0,0,0,0,0,0,0,0
VALIDATOR-394,0,0,1,0,0,1,0,1,0,3
VALIDATOR-357,0,0,0,0,0,0,0,0,0,0
VALIDATOR-342,0,0,0,0,0,0,0,0,0,0
VALIDATOR-341,0,0,0,0,0,0,0,0,0,0
VALIDATOR-325,0,0,0,0,0,1,0,0,0,1
VALIDATOR-312,0,0,1,0,0,1,0,0,0,2
VALIDATOR-290,0,0,0,0,0,2,0,0,0,2
VALIDATOR-280,0,0,0,0,0,0,0,0,0,0
VALIDATOR-279,0,0,1,0,0,1,0,0,0,2
VALIDATOR-270,0,0,0,0,0,0,0,0,0,0
VALIDATOR-258,0,0,0,0,0,0,0,4,0,4
VALIDATOR-250,0,0,1,0,0,1,0,0,0,2
VALIDATOR-244,0,0,0,0,0,1,0,0,0,1
VALIDATOR-241,0,0,1,0,0,1,0,0,0,2
VALIDATOR-237,0,0,1,0,0,0,0,0,0,1
VALIDATOR-232,0,0,0,0,0,0,0,0,0,0
VALIDATOR-230,0,0,0,0,0,0,0,0,0,0
VALIDATOR-219,0,0,1,0,0,1,0,0,0,2
VFS-720,0,0,0,0,0,0,0,0,0,0
VFS-719,0,0,0,0,0,0,0,0,0,0
VFS-716,0,0,0,0,0,0,0,0,0,0
VFS-715,0,0,0,0,0,0,0,0,0,0
VFS-713,0,0,1,0,0,0,0,1,0,2
VFS-712,0,0,0,0,0,0,0,2,0,2
VFS-706,0,0,0,0,0,0,0,0,0,0
VFS-699,0,0,0,0,0,1,0,0,0,1
VFS-696,0,0,1,1,0,0,0,0,0,2
VFS-690,0,0,0,0,0,0,0,0,0,0
VFS-687,0,0,0,0,0,0,0,0,0,0
VFS-661,0,0,0,0,0,0,0,1,0,1
VFS-654,0,0,0,0,0,0,0,0,0,0
VFS-653,0,0,0,0,0,0,0,0,0,0
VFS-649,0,0,0,0,0,1,0,0,0,1
VFS-638,0,0,0,0,0,0,0,0,0,0
VFS-621,0,0,0,0,0,0,0,1,0,1
VFS-570,0,0,0,0,0,0,0,0,0,0
VFS-500,0,0,0,0,0,0,0,0,0,0
VFS-445,0,0,0,0,0,0,0,2,0,2
VFS-442,0,0,1,0,0,0,0,0,0,1
VFS-438,0,0,0,0,0,0,0,0,0,0
VFS-425,0,0,0,0,0,0,0,0,0,0
VFS-417,0,0,0,1,0,0,0,1,0,2
VFS-414,0,0,0,0,0,0,0,0,0,0
VFS-400,0,0,0,0,0,0,0,0,0,0
VFS-397,0,0,1,0,0,0,0,0,0,1
VFS-389,0,0,0,0,0,0,0,0,0,0
VFS-381,0,0,1,0,0,0,0,1,0,2
VFS-373,0,0,0,0,0,0,0,0,0,0
VFS-371,0,0,1,0,0,0,0,0,0,1
VFS-370,0,0,0,0,0,0,0,0,0,0
VFS-344,0,1,0,0,0,0,0,1,0,2
VFS-312,0,0,1,0,0,0,0,1,0,2
VFS-290,0,0,0,0,0,1,0,0,0,1
VFS-264,0,0,0,0,0,0,0,0,0,0
VFS-232,0,0,1,0,0,0,0,0,0,1
VFS-199,0,0,1,0,0,0,0,1,0,2
VFS-180,0,0,1,0,0,0,0,0,0,1
VFS-170,0,0,0,0,0,0,0,1,1,1
VFS-168,0,0,0,0,0,1,0,0,0,1
VFS-154,0,0,0,0,0,0,0,1,1,1
VFS-149,0,0,0,0,0,0,0,0,0,0
VFS-148,0,0,0,0,0,0,0,0,0,0
VFS-146,0,0,0,0,0,0,0,0,0,0
VFS-133,0,0,0,0,0,0,0,0,0,0
VFS-132,0,0,0,0,0,0,0,0,0,0
VFS-106,0,0,0,0,0,0,0,0,0,0
VFS-103,0,0,1,0,0,0,0,0,0,1
VFS-97,0,0,1,0,0,0,0,0,0,1
VFS-94,0,0,0,0,0,0,0,0,0,0
VFS-92,0,0,0,0,0,1,0,0,0,1
VFS-90,0,0,0,0,0,1,0,0,0,1
ZOOKEEPER-3454,0,0,0,0,0,0,0,0,0,0
ZOOKEEPER-3449,0,0,1,0,0,0,0,0,0,1
ZOOKEEPER-3447,0,0,0,0,0,0,0,0,0,0
ZOOKEEPER-3419,0,0,0,0,0,0,0,0,0,0
ZOOKEEPER-3417,0,1,0,0,0,2,0,0,0,3
ZOOKEEPER-3377,0,0,0,0,0,0,0,0,0,0
ZOOKEEPER-3371,0,0,0,0,0,1,0,0,0,1
ZOOKEEPER-3368,0,0,0,0,0,0,0,0,0,0
ZOOKEEPER-3352,0,0,0,0,0,0,0,0,0,0
ZOOKEEPER-3349,0,0,0,0,0,0,0,0,0,0
ZOOKEEPER-3344,0,0,0,0,0,0,0,0,0,0
ZOOKEEPER-3343,0,0,0,0,0,0,0,0,0,0
ZOOKEEPER-3331,0,0,0,0,0,0,0,0,0,0
ZOOKEEPER-3318,0,0,0,0,0,1,0,0,0,1
ZOOKEEPER-3311,0,0,0,0,0,0,0,0,0,0
ZOOKEEPER-3287,0,0,0,0,0,0,0,0,0,0
ZOOKEEPER-3282,0,0,0,0,0,0,0,0,0,0
ZOOKEEPER-3281,0,0,0,0,0,0,0,0,0,0
ZOOKEEPER-3270,0,0,0,0,0,0,0,0,0,0
ZOOKEEPER-3269,0,0,0,0,0,0,0,1,0,1
ZOOKEEPER-3264,0,0,0,0,0,0,0,0,0,0
ZOOKEEPER-3259,0,0,0,0,0,0,0,0,0,0
ZOOKEEPER-3247,0,0,0,0,0,1,0,0,0,1
ZOOKEEPER-3246,0,1,0,0,0,0,0,2,1,3
ZOOKEEPER-3244,0,0,0,0,0,0,0,0,0,0
ZOOKEEPER-3241,0,0,1,0,0,0,0,0,0,1
ZOOKEEPER-3209,0,0,0,0,0,0,0,1,0,1
ZOOKEEPER-3167,0,0,0,0,0,1,0,0,0,1
ZOOKEEPER-3160,0,0,1,0,0,0,0,1,0,2
ZOOKEEPER-3140,0,0,0,0,0,0,0,0,0,0
ZOOKEEPER-3137,0,0,0,0,0,0,0,0,0,0
ZOOKEEPER-3114,0,0,1,0,0,0,0,0,0,1
ZOOKEEPER-3092,0,0,1,0,0,0,0,0,0,1
ZOOKEEPER-3091,0,0,0,0,0,1,0,0,0,1
ZOOKEEPER-3066,0,0,0,0,0,0,0,0,0,0
ZOOKEEPER-2994,0,0,0,1,0,0,0,0,0,1
ZOOKEEPER-2941,0,0,2,0,1,0,1,2,0,6
ZOOKEEPER-2933,0,0,0,0,0,0,0,0,0,0
ZOOKEEPER-2912,0,0,0,0,0,0,0,1,0,1
ZOOKEEPER-2875,0,0,1,0,0,1,0,0,0,2
ZOOKEEPER-2858,0,0,0,0,0,0,0,0,0,0
ZOOKEEPER-2765,0,0,0,0,0,0,0,0,0,0
ZOOKEEPER-2755,0,0,0,0,0,0,0,0,0,0
ZOOKEEPER-2748,0,0,0,0,0,0,0,0,0,0
ZOOKEEPER-2741,0,0,0,0,0,0,0,1,0,1
ZOOKEEPER-2719,0,0,0,0,0,0,0,0,0,0
ZOOKEEPER-2698,0,0,0,0,0,1,0,0,0,1
ZOOKEEPER-2593,0,0,0,0,0,0,0,0,0,0
ZOOKEEPER-2543,0,0,0,0,0,1,0,0,0,1
ZOOKEEPER-2462,0,0,1,0,0,0,0,1,0,2
ZOOKEEPER-2454,0,0,1,0,0,0,0,0,0,1
ZOOKEEPER-2350,0,0,0,0,0,0,0,0,1,0
ZOOKEEPER-2289,0,0,1,0,0,1,0,0,0,2
ZOOKEEPER-2287,0,0,0,0,0,1,0,0,0,1
ZOOKEEPER-2260,0,0,0,0,0,0,0,0,0,0
ZOOKEEPER-2250,0,0,1,0,0,0,0,0,0,1
ZOOKEEPER-2209,0,0,1,0,0,0,0,0,0,1
ZOOKEEPER-2169,0,0,0,0,0,1,0,0,0,1
ZOOKEEPER-2163,0,0,0,0,0,0,0,0,0,0
ZOOKEEPER-2130,0,0,0,0,0,0,0,0,0,0
ZOOKEEPER-2120,0,0,0,0,0,0,0,0,0,0
ZOOKEEPER-2103,0,0,1,0,0,0,0,0,0,1
ZOOKEEPER-2077,0,0,1,0,0,0,0,1,0,2
ZOOKEEPER-2063,0,0,1,0,0,1,0,0,0,2
ZOOKEEPER-1962,0,0,0,0,0,0,0,0,0,0
ZOOKEEPER-1931,0,0,1,0,0,0,0,0,0,1
ZOOKEEPER-1925,0,0,0,0,0,0,0,0,0,0
ZOOKEEPER-1887,0,0,0,0,0,1,0,0,0,1
ZOOKEEPER-1829,0,1,0,0,0,1,0,0,1,2
ZOOKEEPER-1760,0,0,0,0,0,0,0,0,0,0
ZOOKEEPER-1721,0,0,0,0,0,1,0,0,0,1
ZOOKEEPER-1704,0,0,0,0,0,0,0,0,0,0
ZOOKEEPER-1703,0,0,0,0,0,1,0,0,0,1
ZOOKEEPER-1688,0,0,0,0,0,1,0,1,0,2
ZOOKEEPER-1665,0,0,0,0,0,1,0,0,0,1
ZOOKEEPER-1634,0,0,0,0,0,1,0,0,0,1
ZOOKEEPER-1508,0,0,0,0,0,0,0,1,0,1
ZOOKEEPER-1482,0,0,0,0,0,0,0,0,0,0
ZOOKEEPER-1428,0,0,1,0,0,0,0,0,0,1
ZOOKEEPER-1383,0,0,1,0,0,0,0,0,0,1
ZOOKEEPER-1355,0,0,0,0,0,0,0,1,0,1
ZOOKEEPER-1320,0,0,0,0,0,0,0,0,0,0
ZOOKEEPER-1312,0,0,0,0,0,0,0,0,0,0
ZOOKEEPER-1310,0,0,0,0,0,0,0,2,0,2
ZOOKEEPER-1297,0,0,0,0,0,0,0,0,0,0
ZOOKEEPER-1290,0,0,0,0,0,0,0,0,0,0
ZOOKEEPER-1289,0,0,1,0,0,0,0,0,0,1
ZOOKEEPER-1260,0,0,0,0,0,0,0,0,0,0
ZOOKEEPER-1215,0,0,0,0,0,0,0,0,0,0
ZOOKEEPER-1164,0,0,0,0,0,1,0,0,0,1
ZOOKEEPER-1161,0,0,0,0,0,2,0,0,0,2
ZOOKEEPER-1130,0,0,0,0,0,0,0,0,0,0
ZOOKEEPER-1112,0,0,0,0,0,0,0,0,0,0
ZOOKEEPER-1107,0,0,0,1,0,2,0,0,0,3
ZOOKEEPER-1098,0,0,0,0,0,0,0,0,0,0
ZOOKEEPER-1080,0,0,1,0,0,0,0,0,0,1
ZOOKEEPER-1045,0,0,1,0,0,0,0,0,0,1
ZOOKEEPER-1024,0,0,0,0,0,0,0,0,0,0
ZOOKEEPER-1022,0,0,0,0,0,0,0,0,0,0
ZOOKEEPER-1020,0,0,0,0,0,0,0,1,2,1
ZOOKEEPER-1012,0,0,0,1,0,0,0,0,0,1
ZOOKEEPER-999,0,0,1,0,0,1,0,0,0,2
ZOOKEEPER-992,0,0,2,0,0,0,0,0,0,2
ZOOKEEPER-965,0,0,0,0,0,0,0,1,0,1
ZOOKEEPER-938,0,0,1,0,0,0,0,0,0,1
ZOOKEEPER-920,0,0,0,0,0,0,0,0,0,0
ZOOKEEPER-911,0,0,0,0,0,1,0,0,0,1
ZOOKEEPER-892,0,0,0,0,0,1,0,0,0,1
ZOOKEEPER-873,0,0,1,0,0,2,0,0,0,3
ZOOKEEPER-869,0,0,0,0,0,1,0,1,0,2
ZOOKEEPER-866,0,0,1,0,0,1,0,0,0,2
ZOOKEEPER-859,0,0,0,0,0,0,0,0,0,0
ZOOKEEPER-834,0,0,0,0,0,0,1,1,0,2
ZOOKEEPER-829,0,0,0,0,0,2,0,2,0,4
ZOOKEEPER-823,1,0,0,0,0,0,0,0,0,1
ZOOKEEPER-816,0,0,0,2,0,2,0,0,0,4
ZOOKEEPER-808,0,0,0,0,0,0,0,0,0,0
ZOOKEEPER-806,0,0,0,0,0,1,0,0,0,1
ZOOKEEPER-799,0,0,0,0,0,0,0,0,0,0
ZOOKEEPER-781,0,0,0,0,0,0,0,0,0,0
ZOOKEEPER-775,0,0,1,0,0,0,0,1,0,2
ZOOKEEPER-747,0,0,1,0,0,0,0,0,0,1
ZOOKEEPER-744,0,0,0,0,0,0,0,0,0,0
ZOOKEEPER-730,0,0,0,0,0,0,0,0,0,0
ZOOKEEPER-729,0,0,0,0,0,0,0,0,0,0
ZOOKEEPER-723,0,0,0,0,0,0,0,0,0,0
ZOOKEEPER-712,0,0,0,0,0,0,0,0,0,0
ZOOKEEPER-679,0,0,1,0,0,1,0,0,0,2
ZOOKEEPER-678,0,0,0,1,0,1,0,0,0,2
ZOOKEEPER-661,0,0,1,0,0,0,0,0,0,1
ZOOKEEPER-646,0,0,0,0,0,1,0,0,0,1
ZOOKEEPER-643,0,0,0,0,0,0,0,0,0,0
ZOOKEEPER-635,0,0,0,0,0,1,0,0,0,1
ZOOKEEPER-616,0,0,0,1,0,0,0,0,0,1
ZOOKEEPER-584,0,0,1,0,0,1,0,3,0,5
ZOOKEEPER-550,0,0,1,0,0,0,0,0,0,1
ZOOKEEPER-546,0,0,0,0,0,0,0,0,0,0
ZOOKEEPER-539,0,0,0,0,0,0,0,0,0,0
ZOOKEEPER-520,0,0,1,0,0,0,0,1,0,2
ZOOKEEPER-496,0,0,1,0,0,0,0,0,0,1
ZOOKEEPER-465,0,0,0,0,0,0,0,0,0,0
ZOOKEEPER-464,0,0,0,0,0,0,0,0,0,0
ZOOKEEPER-423,0,0,1,0,0,0,0,0,0,1
ZOOKEEPER-395,0,0,0,0,0,0,0,0,0,0
ZOOKEEPER-383,0,0,0,0,0,0,0,0,0,0
ZOOKEEPER-378,0,0,0,0,0,1,0,0,0,1
ZOOKEEPER-368,0,0,0,0,0,0,0,0,0,0
ZOOKEEPER-364,0,0,0,0,0,0,0,0,0,0
ZOOKEEPER-361,0,0,1,0,0,1,0,0,0,2
ZOOKEEPER-338,0,0,0,0,0,0,0,3,0,3
ZOOKEEPER-321,0,0,0,0,0,1,0,0,0,1
ZOOKEEPER-301,0,0,0,0,0,0,0,0,0,0
ZOOKEEPER-276,0,0,0,0,0,1,0,0,0,1
ZOOKEEPER-256,0,0,0,0,0,0,0,1,0,1
ZOOKEEPER-237,0,0,0,0,0,0,0,0,0,0
ZOOKEEPER-235,0,0,0,0,0,0,0,0,0,0
ZOOKEEPER-233,0,1,0,0,0,0,0,0,1,1
ZOOKEEPER-231,0,0,0,0,0,0,0,0,0,0
ZOOKEEPER-215,0,0,1,0,0,0,0,0,0,1
ZOOKEEPER-153,0,0,0,0,0,0,0,0,0,0
ZOOKEEPER-135,0,0,0,0,0,0,0,0,0,0
ZOOKEEPER-129,0,0,0,0,0,0,0,0,0,0
ZOOKEEPER-119,0,0,0,0,0,0,0,0,0,0
ZOOKEEPER-104,0,0,0,0,0,0,0,0,0,0
ZOOKEEPER-79,0,0,1,0,0,1,0,0,0,2
ZOOKEEPER-78,0,0,1,1,0,1,0,2,0,5
ZOOKEEPER-66,0,0,0,0,0,0,0,0,2,0
ZOOKEEPER-41,0,0,1,0,0,0,0,0,0,1
ZOOKEEPER-40,0,0,0,0,0,0,1,1,0,2
ZOOKEEPER-39,0,0,0,0,0,1,0,0,0,1
ZOOKEEPER-38,0,0,0,0,0,0,0,1,0,1
ZOOKEEPER-37,0,0,0,0,0,0,0,0,0,0
ZOOKEEPER-36,0,0,0,0,0,0,0,0,0,0
ZOOKEEPER-35,0,0,0,0,0,0,0,0,0,0
ZOOKEEPER-34,0,0,1,0,0,0,0,0,0,1
ZOOKEEPER-33,0,0,0,0,0,1,0,0,0,1
ZOOKEEPER-32,0,0,0,0,0,0,0,0,0,0
ZOOKEEPER-31,0,0,0,0,0,0,0,0,0,0
ZOOKEEPER-30,0,0,0,0,0,0,0,0,0,0
ZOOKEEPER-29,0,0,0,0,0,0,0,0,0,0
ZOOKEEPER-28,0,0,1,1,0,1,0,0,0,3
ZOOKEEPER-27,0,0,1,0,0,0,0,0,0,1
ZOOKEEPER-26,0,0,0,1,0,1,0,0,0,2
ZOOKEEPER-25,0,0,0,0,0,0,0,0,0,0
ZOOKEEPER-24,0,0,0,0,0,0,0,0,0,0
ZOOKEEPER-23,0,0,0,0,0,0,0,0,0,0
ZOOKEEPER-22,0,0,0,0,0,0,0,0,0,0
ZOOKEEPER-5,0,0,0,0,0,0,0,0,0,0
